,uw,ul,Sector Code
0,0.006821595219051628,0.05,40
1,0.017948897173797634,0.05,40
2,0.0019057263539084825,0.03128946954145243,40
3,0.0009039260781142484,0.04031805943241343,20
4,0.0011470045084553983,0.046903838000003584,15
5,0.0029253247081084378,0.05,45
6,0.003319833107505516,0.05,40
7,0.0060824398853713225,0.05,55
8,0.0007164981506975627,0.04484955688922928,20
9,0.0017169196813228789,0.05,25
10,0.017570121130320276,0.05,20
11,0.0009320427304922978,0.03037434739130551,40
12,0.0024493931494816144,0.05,15
13,0.0013076758250494648,0.04962115845160004,30
14,0.01111511536776743,0.05,45
15,0.0029064290580289257,0.034625832729957895,45
16,0.0008830446792590605,0.023060848383607075,45
17,0.0019873822621933315,0.05,25
18,0.0019989144578791565,0.05,20
19,0.0027548910731722115,0.05,20
20,0.0009752079337654458,0.02788456290950078,20
21,0.00572503356162729,0.05,25
22,0.0015775130828397876,0.04849952646721274,20
23,0.0025311728890047513,0.0389990280499891,20
24,0.0034619436884913337,0.05,40
25,0.0011683048914724007,0.04372890760139936,20
26,0.0025523195885898244,0.03605674545388822,15
27,0.0012224082269163782,0.05,35
28,0.0003591885917584302,0.02428326822081016,20
29,0.004724405378724515,0.05,15
30,0.0004604909486223248,0.05,20
31,0.0011426338487755005,0.030763949333048123,40
32,6.508699622573363e-05,0.028405508872113638,25
33,0.0012975918274886432,0.031463987233268084,15
34,0.00214456921502625,0.03423205072513387,20
35,0.0009039227792942332,0.05,35
36,0.0036416751521029843,0.04873900813191585,55
37,0.0019434041504903317,0.029318099801583397,20
38,0.0008820747540393966,0.037300544901147245,10
39,0.0017651439324881623,0.03444672316085813,25
40,0.00039298496764976715,0.05,30
41,0.003066339034412409,0.04583248959669002,25
42,0.0005279740541756906,0.022837454927701586,15
43,-3.934617920082034e-05,0.022467560214360673,15
44,0.0037369029507499634,0.03443540545416828,55
45,0.0013223235701544374,0.02413294780740656,40
46,0.00015895568878316143,0.0366907666085661,15
47,0.0002744079134827063,0.021496588856219096,40
48,0.00027487754144479224,0.03274000540221696,20
49,0.0023948541214025656,0.026904882165078157,20
50,0.0013792794528345895,0.05,35
51,0.0053389278115936615,0.05,25
52,0.011346621077381568,0.05,15
53,0.007604263057075436,0.05,15
54,0.0021075462699027174,0.02878792777807032,45
55,0.007037302804282534,0.05,25
56,0.0014764700436370808,0.03799994503040121,20
57,0.0002742811739708678,0.02558261504757737,15
58,0.002274170109553203,0.026560114214384863,15
59,0.0024575630174590054,0.04666670556937585,20
60,0.0009584771408020025,0.03864795662769184,20
61,0.0009501051545794658,0.020730468766599397,20
62,0.0019087673560287803,0.027262446907231355,15
63,0.0016453684137846924,0.03744561768773607,15
64,0.012317235321149606,0.05,15
65,0.006395665549515087,0.05,15
66,0.0010998549907166393,0.04269497844456253,55
67,0.004045972066354018,0.05,30
68,0.0013993118231295546,0.02279932606381783,15
69,0.0012907443158024865,0.028747638065813753,45
70,0.003719877050415453,0.05,15
71,0.0014096218206625423,0.026530413643206775,15
72,0.0012428565935522326,0.05,20
73,0.0019498366964296522,0.030476232097752083,25
74,0.00019742046616215038,0.027770236015376825,15
75,0.0016173739573438703,0.03949247155187323,55
76,0.0013630359109862709,0.05,20
77,0.009731215923429579,0.04986306803521254,15
78,-1.7606952705068583e-05,0.024758496517238958,10
79,0.001204702282063315,0.02999727205196113,20
80,0.0012490233605330385,0.05,15
81,0.0014566265254823886,0.05,20
82,0.005499460131480007,0.05,25
83,0.001208778391024958,0.024427329984440874,20
84,0.0021851192253059784,0.03785095660525629,15
85,0.0041927673362103565,0.036858033050886585,15
86,0.013487959013295593,0.05,15
87,0.0013343354838500222,0.024123805345610833,20
88,0.0016781134937418145,0.023580306735045378,15
89,0.0011784368232292766,0.022967022482406903,15
90,0.0022267320544410857,0.05,25
91,0.0009515057836269838,0.026042805940115734,25
92,0.0002963822427206893,0.021719305695908853,10
93,0.0035930436548947896,0.05,30
94,0.00011737411652556661,0.05,30
95,0.0010926145287126284,0.037766785044413435,55
96,0.001975233731721981,0.025838417948762137,30
97,0.005328504179882107,0.05,15
98,0.0005096805034999199,0.030152635086860856,40
99,0.012976999791374004,0.05,15
100,0.0024449205575865847,0.04935692871209432,20
101,0.0007186812824595299,0.03294283795335785,30
102,0.002889279623431834,0.03521989422023782,15
103,0.002870205816029513,0.03751572562523174,25
104,0.001004290981678657,0.03217449566480859,25
105,0.003189412191737901,0.05,15
106,-0.0010082402494911611,0.03601301765194309,40
107,0.011214608857989763,0.05,15
108,0.0027069252650138596,0.04771569234751509,10
109,0.0037043330784955874,0.04368757250271114,10
110,0.001042879720635858,0.02646250871060747,20
111,0.001844512538700842,0.02623812180039226,20
112,0.004180011641627489,0.02744197035610592,15
113,0.002531430402882141,0.03915654895722118,15
114,0.0008008942276459928,0.02800840816566893,15
115,0.0012518351617433739,0.03433127108426484,15
116,0.000893021006868234,0.05,15
117,0.006640816571053196,0.05,10
118,0.0009612305847467778,0.02083435552001852,25
119,0.0002986760796933831,0.026956092477928767,45
120,0.0011009922172839904,0.02729410580405912,35
121,0.00022875244259912012,0.0208868407409305,20
122,0.002680047834170083,0.05,25
123,0.0003115615806569944,0.030830492186824633,20
124,0.011208220436696547,0.05,40
125,0.003328985743760223,0.05,20
126,0.021349164421151968,0.05,15
127,0.0033999045049729064,0.05,25
128,0.0011979078258351212,0.025964807068950185,40
129,0.002873652288837145,0.05,20
130,0.00915855207582638,0.05,20
131,0.015228509181816823,0.05,15
132,0.005363040394634827,0.05,55
133,0.0022057833933357093,0.03348093543101471,20
134,0.01005353742513455,0.05,40
135,0.01785380038355748,0.05,40
136,0.022747477938090184,0.05,20
137,0.06400265595785845,0.05,15
138,0.0024913305777026747,0.045800775041357315,20
139,0.0027382622946237876,0.029517888584310415,55
140,0.005220801419911694,0.03002351528822208,15
141,0.004796571116299458,0.05,20
142,0.002600216258450692,0.03946795613594848,55
143,0.02767332616655415,0.05,10
144,0.004578281023421355,0.05,20
145,0.000621673325454311,0.05,40
146,0.0016286663611151785,0.039280939025240824,20
147,0.0019165615018780593,0.05,20
148,0.0008606553430441466,0.028408068506295885,20
149,0.02469847112531984,0.05,40
150,0.0024340982771032782,0.05,25
151,0.04280720990842173,0.05,50
152,0.005879873026747767,0.05,20
153,0.000984460027482343,0.02332826701051039,30
154,0.003869887300421536,0.046796191697706116,25
155,0.0028884684173596047,0.033426259250234916,35
156,0.0017281486382189147,0.024818190232735814,20
157,0.0031247900838575864,0.04174415988644178,20
158,0.0017142837578215894,0.02680436638955578,20
159,0.003465784330696049,0.04338956188063556,20
160,0.0005065502510614511,0.021909573121498382,30
161,0.002888833119838527,0.024586923086240657,15
162,0.0021570291572199,0.026482372739887915,15
163,0.0008743440109142688,0.021479215235338314,15
164,-0.0003911934145891587,0.022335279068832058,20
165,0.002367517093502027,0.05,35
166,0.00015619408656486356,0.025824423796663113,25
167,0.002520043515702808,0.05,20
168,0.0037358313440721447,0.04077564935549348,15
169,0.0054189907986891125,0.05,55
170,0.005374558670404857,0.05,45
171,0.009856794618800515,0.05,25
172,0.0008972125101094926,0.04381568829666821,20
173,0.00020038803647225942,0.02557050830035676,15
174,0.0006491651227913966,0.028691821049023247,15
175,0.0017281205380181353,0.02949573357739549,15
176,0.0015556193968995938,0.027588489568798766,10
177,0.0027471977018126994,0.05,10
178,0.0007167031683467589,0.05,20
179,0.0002622916247069653,0.036483657884335566,30
180,0.0009983499176652519,0.03347728134917062,15
181,0.0007100764625087727,0.038218009256018724,20
182,0.00036788646973864386,0.05,25
183,0.0045581738138497415,0.031966768315734896,20
184,0.001846017158024024,0.025662107750772267,15
185,0.00024045913745754925,0.04176523341372077,35
186,0.001120156711420133,0.022752421749583557,20
187,0.004468036643992302,0.02752796213710476,20
188,0.0011349754590776855,0.038696668112009606,45
189,0.0006459390845076293,0.021681035724930048,15
190,0.005202535146814688,0.05,25
191,0.0013040143477938138,0.05,45
192,0.003316396782320034,0.05,10
193,0.002079808846371831,0.048293471931604305,35
194,0.0004688064801626851,0.024434782386667013,20
195,0.002969868736760606,0.04175480612099898,15
196,0.0017854102113493422,0.024792289635958087,20
197,0.0022410956556371655,0.042571159780612905,20
198,0.0016537872562544251,0.05,25
199,0.002305529296355125,0.030806436069386198,20
200,0.0039221962079624235,0.02115178596275398,15
201,0.0013218324247723158,0.04086661859010126,40
202,0.001037078075451173,0.021516936231217698,15
203,0.0013132501206558577,0.025859523114324243,40
204,0.0033023043475262186,0.05,20
205,0.001861875543143266,0.05,20
206,0.001267980407332309,0.05,45
207,0.005536408357834274,0.03255166884189752,15
208,0.00032127400228377443,0.028374937425000704,45
209,0.004635587585187025,0.02459823360159888,15
210,0.004653641036973639,0.05,15
211,0.001881679412048643,0.05,15
212,0.0005639103093155817,0.035803940661065715,20
213,6.685098898873749e-05,0.05,20
214,0.005331933516664642,0.05,20
215,0.001510956857051802,0.0222117046321036,40
216,0.0008008799114062068,0.02378624431065195,45
217,0.0011450679277389823,0.05,15
218,0.0007883668294510455,0.021063571816297776,55
219,0.004043688762633261,0.05,10
220,0.0027635563542598987,0.05,20
221,0.0015256655600110044,0.05,30
222,0.0025017245647191793,0.05,15
223,1.0575998956662087e-05,0.04258849582274092,20
224,0.0007864752700966079,0.05,40
225,0.007847286686879305,0.05,25
226,0.003965973359216896,0.0448351178008011,20
227,0.0007654161444763471,0.026474913040288275,15
228,0.0003869561894175235,0.020767871034665784,35
229,0.0009677347702654297,0.023287574569735466,30
230,0.0003153432532943304,0.05,15
231,0.00024179610953534167,0.02650381509346397,45
232,0.0007236880974134951,0.05,15
233,0.005765266443883252,0.05,20
234,0.0023533626916738006,0.040025433381183265,10
235,0.0022978601981870563,0.05,30
236,0.0007910554243457443,0.023444267914077235,35
237,0.0021746395136014226,0.025600616485588337,20
238,0.0010549600401607707,0.0286266656692425,35
239,0.0008442576766066084,0.05,15
240,0.0006616996330760911,0.04920020579188694,15
241,0.00036575730431828295,0.05,20
242,0.0018042059469482315,0.023251726067100027,15
243,0.00040594317088085366,0.026944180110945556,20
244,0.0022751265459411375,0.05,10
245,0.001784440955243358,0.05,15
246,0.0006643913321855439,0.0372743882784785,45
247,0.005033347762047455,0.033433119544827,15
248,0.001368590536518051,0.03230071692788061,30
249,0.0027496963859454672,0.04764455133683708,30
250,0.0015350178640098735,0.05,30
251,0.00612753703746518,0.05,45
252,0.0009703172309274892,0.03216449219692802,45
253,0.001418507196521283,0.047043864507923805,30
254,0.0015965156170489637,0.05,25
255,0.0018454255751026946,0.05,55
256,0.001200823905183244,0.028635985633890255,15
257,0.0008782726961568803,0.028924902567090897,40
258,0.008014214018170384,0.05,55
259,-0.0012839046462641015,0.04335159833860962,40
260,0.004816816420057995,0.05,55
261,0.000394045690241979,0.05,30
262,0.0017073946796192564,0.03193771957105332,10
263,0.00014391366476761993,0.05,25
264,0.001852416419673344,0.03321582909780115,45
265,0.002194559115064758,0.05,25
266,0.001254920274735505,0.034750492114190366,20
267,0.0012457131132107397,0.035582341420236696,40
268,0.00045541280761834203,0.02114635991644203,15
269,0.003368814643110388,0.04724697654984889,40
270,0.0007863060056005498,0.03628193728004368,25
271,0.005033340281300286,0.05,15
272,0.009506279671113468,0.05,25
273,0.003591320884095238,0.05,25
274,0.004784665491888913,0.05,20
275,0.001278433091210384,0.035352078129620185,45
276,0.00032567751172018377,0.028921773513675544,20
277,0.002265873638620691,0.05,25
278,0.0027848876125070665,0.03328265862683428,20
279,0.0008595842113584628,0.028572773696764253,40
280,0.0007345119684960071,0.023824776654954614,25
281,0.004412835292762821,0.03852904465548186,20
282,0.0014208204542841695,0.04380365518036358,20
283,0.00032903718058188464,0.026510757248920363,20
284,0.0015014790926000375,0.022135554571872388,20
285,0.0008508511629965761,0.03376882668456574,30
286,0.002306064446771931,0.037748469277980305,55
287,0.0023187818094720924,0.03156570983682637,20
288,0.0009164967472873885,0.030343523597682335,25
289,0.0048618746654067084,0.05,55
290,0.0022030915913052312,0.0371038387640456,45
291,0.007395031593378988,0.05,15
292,0.0003098391389295226,0.030113708500679476,30
293,0.004154309374152604,0.05,20
294,0.0008514053940159287,0.02944093624101841,35
295,0.0008767538248428347,0.02917902818847525,25
296,0.000674761751346741,0.02949958122923358,30
297,2.3693501699462144e-05,0.02337991014768226,25
298,0.0011995406012788644,0.05,25
299,0.0021556556549395508,0.04463954907683105,20
300,0.010845516384601097,0.05,25
301,0.0011388537049364684,0.03524179022215372,25
302,0.0002063036400835266,0.033110762175121364,35
303,0.0016689201056425652,0.05,25
304,0.0019721856551096657,0.03128313576272426,55
305,0.000894856095725247,0.03728003129345567,20
306,0.0011342645136014377,0.02336671084727331,20
307,0.001298332203115036,0.05,20
308,0.0003795499519478868,0.021643384544654164,25
309,0.0012614039935810325,0.04216068082329979,20
310,0.0015434553183459397,0.03307696182990988,25
311,0.0027227429876995647,0.03454949091296564,55
312,0.0059335442720885884,0.05,30
313,0.00023395547864634315,0.02517817451086679,15
314,0.0018932712810349234,0.05,40
315,0.016243850332324814,0.05,55
316,0.001114070557321803,0.02609649460719462,15
317,0.000766405489719949,0.03882588052826097,20
318,0.0026690402774980308,0.03805053959566914,10
319,0.004552787498250504,0.05,40
320,0.011339978164897225,0.05,40
321,0.0013428460463477771,0.033769910044452706,40
322,0.0006406852296497286,0.036827398724253314,20
323,0.0009877396209424262,0.02833054354217353,15
324,0.002260307309323323,0.03626591417075971,45
325,0.0022925852304396944,0.05,40
326,0.004573865680262826,0.05,55
327,0.00017715537253427819,0.017125002199602116,40
328,0.0004787286854041315,0.04443224000288375,20
329,0.0016470066517306763,0.03989766718158216,15
330,0.009333868241978493,0.05,20
331,0.00048117858187234633,0.043726235786960964,40
332,0.0019034976005927052,0.05,15
333,0.0010398266285404976,0.04333624270813545,30
334,0.0008551989842374496,0.019097760704451277,45
335,0.0077647396880083696,0.05,45
336,0.0014111760251742803,0.05,25
337,0.0016238110972390976,0.05,20
338,0.002054958170826536,0.05,20
339,0.003967252162606005,0.03993438952524576,25
340,0.0016387348229141144,0.05,20
341,0.0016289698769547068,0.026705149725747154,25
342,0.0018946413134712735,0.03639824469139783,20
343,0.0014601592106695596,0.035370318751763996,15
344,0.002594136757084608,0.05,40
345,0.0010545326558334437,0.03745865874720544,20
346,0.001951177791481597,0.026105751873474393,15
347,0.0008848912886853722,0.05,35
348,0.0001938876951309807,0.020408122500268775,20
349,0.0036020468821306817,0.03326557316364679,15
350,0.00041014940548697484,0.05,35
351,0.0009221557474645943,0.018936035320241545,40
352,0.0017541901124282862,0.02160655229725672,15
353,0.0007750140000512985,0.017179425091019242,15
354,0.001378483532713851,0.05,20
355,0.00012739161779937885,0.019536297092310848,45
356,0.0007010570031174753,0.05,35
357,0.0027257831213780954,0.04057327937343899,55
358,0.0015032375335264482,0.020227396400210106,20
359,-9.949265372474872e-05,0.020709461394203564,20
360,0.002366734740761381,0.05,25
361,0.0009460044111007722,0.014896429735020734,25
362,0.00080770058868013,0.023368254020077216,10
363,0.0013620627290637272,0.024958477696952194,25
364,-6.995533585341954e-06,0.05,30
365,0.002362933030733681,0.02942262811864384,25
366,0.0024745686121774284,0.02263906191810633,55
367,0.0008993160511643101,0.023587519263462253,40
368,0.0002745721986892653,0.029727878773609936,15
369,0.0002868828079978046,0.0225595352446746,40
370,0.00030413558083876963,0.016606826382491037,20
371,0.001757287894607207,0.02107315764310535,20
372,0.0009157617998073221,0.049588857273803716,35
373,0.003576743316552408,0.04111294343185139,25
374,0.008871879046324683,0.05,15
375,0.0065172528465573965,0.05,15
376,0.005385367455297984,0.05,25
377,0.0010016209730478258,0.05,20
378,0.001681760204767538,0.0202981999599256,15
379,0.0018682674687076825,0.04394062010817063,20
380,0.0007308392071464483,0.02155531733251236,55
381,0.0014638593293650045,0.019529182730456462,15
382,0.0014270702873984684,0.014917022507855888,20
383,0.0013020076237068392,0.018371419461332042,15
384,0.00833708835107281,0.05,15
385,0.004690207191535167,0.0382524011214366,15
386,0.000998045155936056,0.02448543585480582,55
387,0.0014910813124708884,0.01644610382053461,25
388,0.003139935028636772,0.05,30
389,0.001085946808456037,0.017058257159044764,15
390,0.0013692315024774137,0.01631569213068456,45
391,0.0028312231206977685,0.04435227763047862,15
392,0.001097044991209352,0.019424305822857504,15
393,0.0012483193345311204,0.03924730800749354,20
394,0.0015095647849611424,0.02936994995093518,25
395,0.0001701472551210147,0.020745345199888236,15
396,0.0012953013804351693,0.02688104308952386,55
397,0.0009503260832032719,0.05,20
398,0.007721565803874519,0.047399591387705636,15
399,-0.00023740579097848044,0.02725633687426558,10
400,0.0012231926690443552,0.018560474207017962,20
401,0.0012896297267552404,0.05,15
402,0.0010738773003187382,0.05,20
403,0.004116605927610878,0.0365886273592135,25
404,0.001982027133704504,0.032256336108307984,15
405,0.003117823872534755,0.025459378447129397,15
406,0.007481066141225738,0.05,15
407,0.0008238382893699426,0.017057985175265723,15
408,0.0006325077740846586,0.016930791443075036,20
409,0.0016903813890791462,0.05,25
410,0.0007584193078336394,0.017514965428994115,25
411,0.002629156790014931,0.05,30
412,0.0012339944181133026,0.01866121999603309,30
413,2.6301951413614895e-05,0.05,30
414,0.0011725368626921925,0.027890186331832677,55
415,0.0014533362692199336,0.023803946477727256,30
416,0.004659436042282394,0.05,15
417,0.0003512768697765717,0.02955198258687213,40
418,0.008787049930009038,0.05,15
419,0.0024044559879038098,0.03512639893297766,20
420,0.000587186228768922,0.01711035683185838,20
421,0.0006619800220706491,0.017660814882898446,20
422,0.00072941173742017,0.017244617478964143,30
423,0.002259387796571708,0.02619545066337927,15
424,0.002210355557053915,0.026481647397105186,25
425,0.001308466042367149,0.0200538906125676,15
426,0.0011931835307885344,0.02169390731969687,25
427,0.0029154353698051553,0.05,15
428,0.007930717423964723,0.049850892880420154,15
429,0.002132534923765387,0.03261561255866148,10
430,0.0029328593674997575,0.025686101660428118,10
431,0.0009902934525696824,0.01810276637264886,20
432,0.0012753551018842757,0.024831570717362007,20
433,0.003091845684937393,0.019259018763061304,15
434,0.001981133544125537,0.022746737231449314,15
435,0.0006511975391610543,0.019011737418491752,15
436,0.0009675965117891055,0.029118633669236272,15
437,0.0010441662695397827,0.03286963202824048,45
438,0.0053939489210929215,0.05,10
439,0.0002224501393024837,0.02940493851820801,20
440,0.0027806407280389156,0.05,25
441,0.00039477300982657885,0.020507783583419675,20
442,0.00048351518741126945,0.015336308346509772,45
443,0.00021003090640194037,0.02090782102986806,30
444,0.010322104881095669,0.05,40
445,0.01119243291665779,0.05,15
446,0.0025630442737645176,0.048909751148096314,20
447,0.01581161988744358,0.05,15
448,0.003604266920104837,0.03354371627881963,25
449,0.0008748774644477826,0.024513183883494764,40
450,0.0022896935712666587,0.05,20
451,0.006836355555185218,0.05,20
452,0.009631509741927878,0.05,15
453,0.004064818717106672,0.05,55
454,0.0017118550626744474,0.023989518869817338,20
455,0.007616423674879891,0.05,40
456,0.01830040692885554,0.05,40
457,0.0008343433879146664,0.01804690691416486,20
458,0.002469375701924415,0.05,20
459,0.049936677171335105,0.05,15
460,0.0026295912151546117,0.030711857817670857,20
461,0.004386131025450098,0.032398502779557165,15
462,0.0036563558189898425,0.05,20
463,0.002659531859882473,0.030569638675735297,55
464,0.0272224444959835,0.05,10
465,0.002314875193723829,0.05,20
466,0.0014804698756135796,0.05,40
467,0.0010987121591069524,0.05,20
468,0.001977939801861081,0.039359791465437284,20
469,0.018020965777471126,0.05,40
470,0.001688371850704433,0.05,25
471,0.000908682860810726,0.05,40
472,0.03143314274771597,0.05,50
473,6.165047285171402e-05,0.014739287771592075,25
474,0.004075335437468027,0.031988939442330895,20
475,0.0006999895488286325,0.023487760534371956,30
476,0.00309089558978873,0.02376494098394155,25
477,0.0020871016391196743,0.0264594713100226,35
478,0.0012791399043077356,0.021379591227935257,20
479,0.002305156069732086,0.03965448576754461,20
480,0.0012731175370118606,0.02820560010944904,20
481,0.0024720533056152064,0.02995216275926229,20
482,0.0010276094744640291,0.014193398857228277,15
483,0.0006600378650660881,0.0151726398538994,15
484,0.00038386634901100685,0.016986446306476395,30
485,0.001609779092134672,0.02282091784226795,15
486,0.0010031892506808051,0.01507655796517556,35
487,0.0004981088424490301,0.015530091558979562,45
488,-0.0005054625271994779,0.016243045515631663,20
489,0.0018312441362922296,0.043658491252861475,35
490,0.0013849411729891326,0.01818287992578252,20
491,0.0002295260240637202,0.02082366669272501,25
492,0.005190985093605238,0.05,20
493,0.002896599016344832,0.03451432551008792,15
494,0.004042555512576393,0.05,55
495,0.0040303332022057735,0.05,45
496,0.007450233943272128,0.05,25
497,0.0007922900875091428,0.028298357422464462,20
498,0.00026205080472638167,0.02034809975170892,15
499,0.0005166911741155603,0.02200571623598933,15
500,0.0013602088675850584,0.01548672741583869,15
501,-3.901449701598945e-05,0.025234287775334242,20
502,0.0010270618613688611,0.016262397185400675,45
503,0.0021649135999319753,0.03947698657623855,10
504,0.0006307746682733845,0.04437164278980399,20
505,0.0010164738046283615,0.01755003567222126,45
506,0.0003286455335826393,0.037334179920391286,30
507,0.001149194215656744,0.022667792898925267,25
508,0.0007422086454763872,0.05,15
509,0.00044987273786213823,0.03891201508484365,20
510,0.0005131425053273276,0.04236290909823796,25
511,0.0038806031147653654,0.02989634429124218,20
512,0.00023590992571335286,0.015606985310643584,40
513,0.0014275148777602026,0.0166230564044583,15
514,0.0001710784992744278,0.036063038526549615,35
515,0.0012350003278701449,0.019227807424853218,25
516,0.0007886411664483125,0.0183507930959658,20
517,0.003520538433615784,0.022056108713874527,20
518,0.0009216509332871029,0.025945602663455115,45
519,0.0006532784893755994,0.015340075157384551,15
520,0.004123739496049691,0.05,25
521,0.000996104687738191,0.045009216034926046,45
522,0.0008322859065994982,0.02086451251792609,30
523,0.0026448012602589407,0.03230305478965846,10
524,0.0005018013660101076,0.019251863281137083,20
525,0.0004729143433719382,0.0268487298444961,30
526,0.0021383929641192526,0.03783937337758618,35
527,-0.0013133557502556638,0.0417760556596396,45
528,0.0009456949236238955,0.01970643187511747,25
529,0.002586745307395835,0.04524465718172983,15
530,0.0026920283529595027,0.03150628397177168,15
531,0.0024694050216632632,0.05,20
532,0.0015460072885397818,0.03424036459816626,25
533,0.002078829987860303,0.023525365677737754,20
534,0.003004495022489321,0.019131031936569363,15
535,0.0012122897018667688,0.028540155669510448,55
536,0.0010548883853664678,0.024599234490955486,40
537,0.0003307091215938816,0.014920206209081115,25
538,0.0008276061574958798,0.017366849837921014,15
539,0.00117657646261683,0.01645609041193487,20
540,0.0008424146017085931,0.033463471153278655,40
541,0.0026277361896886084,0.05,20
542,0.0020583190084207887,0.03306845478291131,20
543,0.0010626080814285608,0.04242839382394395,45
544,0.0005361025190533436,0.041066659872280246,35
545,0.00043793366331720937,0.026018440586457227,45
546,0.0021384627538108924,0.040581167785936414,15
547,0.001284353092590013,0.03726909638839536,15
548,0.0009853111954217647,0.014719235015678157,30
549,0.0032835998093889416,0.019548952778700564,15
550,0.0035212643977290937,0.04721168920040022,15
551,0.0014100822136633182,0.05,15
552,0.00044519388354611006,0.03339284714741553,20
553,0.0003812964756134778,0.036975279726092256,20
554,0.0010035085301451742,0.015292972942104854,20
555,0.00395435175773836,0.05,20
556,0.0011372226838939389,0.021943012014631284,40
557,0.000808989081399052,0.017082915157534205,25
558,0.0006499511316608232,0.017371638507824486,45
559,0.0011243356036178566,0.04671884496077418,15
560,0.0031185877242558458,0.0357401371834845,10
561,0.0021086715608918728,0.04037949783628001,20
562,0.0019649881260310315,0.026888329093916738,15
563,0.003521241983036481,0.03344711320118014,15
564,0.0005679660749649272,0.024732560978405822,45
565,0.0010964398011390733,0.044130091865452505,30
566,0.002049827886837596,0.04535295676780172,15
567,0.0027108756427254854,0.05,40
568,0.00024536095437946773,0.022916786961960197,45
569,0.0006957552895461881,0.05,40
570,0.005824702497734006,0.042302172820244524,25
571,0.0008036998426536201,0.01744276680500175,15
572,0.0010321103910860816,0.01853374951346154,15
573,0.003095561655224232,0.044396769045268014,20
574,0.0006416765446095556,0.0200594828143591,15
575,0.0007680844037918291,0.02148441866925234,30
576,0.00027807808402691923,0.05,15
577,0.0002780800519604865,0.0240586042990132,45
578,0.001292230075811132,0.02037509802676486,15
579,0.0007675042421583924,0.016765251468372395,20
580,0.0007866495686972439,0.03771745928793105,15
581,0.0005304023239923125,0.05,15
582,0.004421292152583241,0.047379375133191876,20
583,0.00028361665972682,0.029551690589392277,20
584,0.001871832784464242,0.02418958721125907,10
585,0.0006184848537528257,0.01916168056048178,35
586,0.0008830336900799524,0.023228125769065917,35
587,0.0014263823244020273,0.05,30
588,0.0008053215623521208,0.025545591098152732,35
589,0.0017970268196649522,0.017440121959934846,20
590,0.0009595893677038201,0.017424670879927287,35
591,0.000597130927956965,0.018929384764353074,40
592,0.0008430269387715239,0.023223552639000524,35
593,0.0006258378942673194,0.033808237876269125,15
594,0.0006015046190619095,0.035317326264430626,15
595,0.0007116282831817357,0.03987047285719307,20
596,0.0013775681733158138,0.01637397112543644,15
597,0.0053313171432070785,0.033639256750274134,15
598,0.0016845292053300504,0.05,10
599,0.00042317692898213556,0.01560179801657914,45
600,0.001139120098735177,0.05,15
601,0.0005020152914729229,0.03098677654549582,45
602,0.0015626466144013826,0.017276699518811812,20
603,0.00373710330180614,0.036445429956757494,15
604,0.0011811096018621637,0.023168525353238947,30
605,0.002185137812186724,0.03536624036371881,30
606,0.004638635960616681,0.05,45
607,0.0008902908417833821,0.020412419528043423,40
608,0.0015674891836495513,0.021219947418372576,35
609,0.0012955952294012479,0.01970969753257008,20
610,0.0015833093223828695,0.04641374889012209,30
611,0.0011441143282845572,0.020715120807597742,20
612,0.0012384702052883091,0.04255327711543978,25
613,0.0024095832737655513,0.049992370878727835,25
614,0.0014870298520228793,0.031122190858736347,55
615,0.0009156542264489993,0.018964717052093176,15
616,0.0009547510945392997,0.017813323381293177,40
617,0.0006115623535121453,0.028925743787368983,40
618,0.000931233320785133,0.0189733675014808,40
619,0.009528536550994683,0.05,55
620,-0.0012763569284984782,0.03303660153953457,40
621,0.003720138050283721,0.05,55
622,0.0006393481202629155,0.0439007868368286,30
623,-0.0007991036848297678,0.05,25
624,0.0010523441772483189,0.029475829637501547,25
625,0.001498913740636845,0.05,25
626,0.0013604719441325601,0.022275937650134692,20
627,0.0008205697976649679,0.039657389385989894,40
628,0.00225270217573839,0.05,40
629,0.0006502559173977463,0.021265923252312236,25
630,0.0005035679546938017,0.034555665705430186,20
631,0.003941061362173154,0.05,15
632,0.006983913726772803,0.05,25
633,0.0037244605931163574,0.05,25
634,0.0014712755889019265,0.014350001707278515,25
635,0.0035330902948115628,0.05,20
636,0.0009069568470131592,0.033060984476266944,45
637,0.0005954258654780277,0.017264202168341753,25
638,0.002138882906247982,0.022830080743639222,55
639,0.0015078189965067467,0.05,25
640,0.0020860709823119663,0.02732477842814618,20
641,-7.254078170748713e-05,0.02074165408347791,45
642,0.0005418285385728495,0.03351882041316004,40
643,0.0005366724324744833,0.021446131906648017,25
644,0.0035112315560573413,0.027256638939235845,20
645,0.0010398646797416518,0.044257072781498916,20
646,0.00023685523206996595,0.027678154193143612,20
647,0.0009821971292157514,0.014260032381696182,45
648,0.0005307474867694594,0.03909445052999799,30
649,0.0020892595505950374,0.039192420015815674,20
650,0.00171290567943214,0.03307409263291247,20
651,0.0007171021536206851,0.021490706029831264,25
652,0.006363064192707024,0.05,55
653,0.001977781723458984,0.04443100608624074,45
654,0.00520733054822561,0.04176129412318149,15
655,0.00016665375975094882,0.032867904707728844,30
656,0.00410423046101373,0.05,20
657,0.0004412869318659397,0.023331379606358133,35
658,7.636823472768848e-05,0.01807878502212193,40
659,0.0005575010519116054,0.01861901170672407,40
660,0.0008100055751247679,0.0216239195610727,25
661,0.0017596029515335025,0.015047694606290081,30
662,0.0014085922123886626,0.05,25
663,0.0016128283208682221,0.03256999011484018,20
664,0.008639833161029212,0.05,25
665,0.0027613672073503286,0.0286646193659778,35
666,0.00024593559361730605,0.0198231713784236,35
667,0.0011969887477995002,0.05,25
668,0.0006925217804961526,0.017404480858703344,25
669,0.0006898523134821094,0.025343303582731257,35
670,0.0020899805606541476,0.05,20
671,0.001664721476343657,0.016002492137755984,25
672,0.00082079960133069,0.025904773876369146,20
673,0.0011085970011492669,0.05,20
674,0.000282594972748852,0.018620388506559025,25
675,0.0017364601662698145,0.05,15
676,0.001252372330114968,0.01806625908308039,25
677,0.0034781458886717393,0.042189255428166796,55
678,0.0048742327002901705,0.05,30
679,0.0002469824221525883,0.01651189621074808,15
680,0.0014235853984874394,0.05,40
681,0.01486225288383909,0.05,55
682,0.001020683074882088,0.020841584482192102,15
683,0.0011944723620996613,0.02188844607722449,15
684,0.0007902496118096285,0.029387509814622296,20
685,0.00038009708764188277,0.022846045486779314,25
686,0.002127185169312105,0.022632126080208648,10
687,0.0023330334117341116,0.03316922502849789,10
688,0.006046504103765619,0.05,20
689,0.005640584899663694,0.05,20
690,0.005236483050499736,0.05,40
691,0.002157098459614285,0.028614183980821963,10
692,0.00795056387248922,0.05,40
693,0.00750649914264031,0.05,40
694,0.012642704723623386,0.05,40
695,0.0015351290933206898,0.025653479405421273,40
696,0.00034615087711154814,0.03579626554176953,20
697,0.0007390849104931824,0.016242802912631197,15
698,0.001897632072289579,0.012410577253726495,25
699,0.002247519873582299,0.02936354261884048,45
700,0.0006010718087433409,0.012011006509536607,20
701,0.0018871197837113066,0.05,40
702,0.0036872401912266947,0.05,55
703,6.40736501583566e-05,0.010031284309454831,40
704,0.00021124879024627093,0.040390251083290404,20
705,0.0017706097921016517,0.04092978821940315,15
706,0.00784046796754882,0.05,20
707,0.00034325296514949445,0.017333154728459182,40
708,0.00048668452770462287,0.038541322243629605,40
709,0.0006933589019677646,0.01488479794802891,15
710,0.004956130221244389,0.05,15
711,0.0006852857029702415,0.027114994014734828,30
712,0.0008441594227781698,0.011342242594699055,45
713,0.006325395364294097,0.05,45
714,0.0009549199525752905,0.01501387447964027,45
715,0.0004641008753189136,0.010998064333440034,45
716,0.0005550045824690491,0.05,25
717,0.0006652045570500463,0.016843009701364157,35
718,0.0014973326203621005,0.0351839613543356,20
719,0.0015474358503865416,0.03933580975750378,20
720,0.0008435847662630994,0.015217090027382776,20
721,0.000574748225177677,0.012457072816487292,20
722,9.834804267985766e-05,0.010872850193518507,15
723,0.0012318703582732526,0.05,20
724,0.0014546215893126205,0.04713100410459285,25
725,0.0016116639227544542,0.0187469986849148,20
726,0.0011020280167513483,0.03333574653480367,15
727,0.0020910946666890346,0.05,40
728,0.0002971889225655922,0.016484680393141347,20
729,0.0008511807609975037,0.03432143696507992,20
730,3.2472770011568684e-05,0.02215606759240622,30
731,0.0018934827544965086,0.0316812817247509,15
732,0.00032018749896882247,0.021210216676049724,20
733,0.0013044433846202404,0.020209305332194935,20
734,0.005020155913873031,0.04228647496133698,15
735,0.0008128225156269832,0.032410209996584914,25
736,-3.165783750378561e-05,0.04012312299066634,35
737,0.0009103527639415988,0.013395335955037401,20
738,0.0010704302785645447,0.02011313725756237,15
739,0.0007046343339205313,0.028862639509387306,40
740,2.8643415181374472e-05,0.029360738187402473,25
741,0.000985519183859252,0.022386130325340807,20
742,0.0004590558942316681,0.011675996888005257,35
743,0.0006566083708858026,0.01040378312086878,15
744,0.001465512308112339,0.030672106382719375,20
745,0.0001410534048012731,0.013284205352892129,20
746,-0.00026136126538877936,0.020412380415979176,45
747,0.0005319939071469467,0.03339817259376986,35
748,0.0027579824474046047,0.04431964959886083,55
749,0.0013938601316717087,0.022569953819994906,20
750,0.000628524969150633,0.025860812665350015,20
751,0.001169950947936752,0.01188686071176619,25
752,0.0008758992126092567,0.017675604640405036,10
753,0.0010528534312424427,0.026969490263912096,25
754,-9.035814595873069e-05,0.011480141839796553,40
755,0.0002531226899187601,0.05,30
756,0.00034338526419787417,0.01521803332189293,25
757,0.0005741023495316386,0.016880413765554565,40
758,0.0013645464661766092,0.023797121050898196,25
759,0.00023724402581982851,0.011187517516779677,15
760,0.00038724372420265423,0.011979427197864316,15
761,0.001061196645746025,0.01240371344915595,25
762,0.0019625515060324905,0.022189290969201046,55
763,0.00023070158175051848,0.007704014024799496,45
764,0.0006101824314907469,0.012795096776993373,20
765,0.0006922232259150362,0.02295504399812341,40
766,0.001282032360609307,0.02975005868983903,15
767,0.0006262976698798732,0.018597627343835355,40
768,0.00021938593544631798,0.0143694276972465,20
769,0.0015730655868053639,0.01466658837357534,20
770,6.168563762012065e-05,0.05,35
771,0.0031643077699418766,0.03598523208742059,25
772,0.006538660676853544,0.05,15
773,0.006076212650810427,0.04844576864802517,15
774,0.0012098111252984304,0.02801238477359872,45
775,0.0004304906177561028,0.013596408313155253,15
776,0.005327792128786358,0.05,25
777,4.648588236747814e-05,0.05,20
778,3.228236168286179e-05,0.009897827881052918,15
779,0.0012984609801311123,0.021541641859144475,15
780,0.001460642896784255,0.011326526732641038,20
781,0.001945304197084063,0.0327589247858645,20
782,0.00029669665379828026,0.02814833264324966,20
783,0.0004743053367451018,0.01281884343445874,15
784,0.0014199464478473409,0.02748258317001253,55
785,0.001321699592085013,0.01890975866334603,15
786,0.0009260972824887446,0.008617786555681779,20
787,0.0005398962494402304,0.01424192762531725,15
788,0.001245069472394626,0.011802494181828795,15
789,0.008425147504984656,0.05,15
790,0.004852010179755805,0.028855614010395395,15
791,-3.0054123863255224e-05,0.02504378017541207,15
792,0.0007065068013536681,0.025280918644015556,55
793,0.001031418040054771,0.0243458807449772,25
794,0.0004714109472549048,0.01101866774747276,20
795,0.0024108745648333293,0.03798131848552711,30
796,0.0015507793606897604,0.016943738064808225,15
797,0.0009976567857439963,0.011459093536089883,45
798,0.0010390924540503441,0.014335298611913162,30
799,0.002793506097747058,0.05,15
800,0.0010713392704499599,0.020723439597507744,15
801,0.0007225469621156868,0.05,20
802,0.0016233336964819813,0.02265328744532597,25
803,5.954177225377318e-05,0.02094966884430503,15
804,0.0001264729731139792,0.010081859846179715,35
805,0.001091932102187622,0.025705926976753182,55
806,0.0002377858872325181,0.05,20
807,0.0038382825886221846,0.04465531907392706,15
808,0.0009145194825398577,0.018861163644263535,20
809,0.0016214033523818663,0.05,15
810,0.00039437831152121396,0.05,20
811,0.002929833725330186,0.04262383014073998,25
812,0.00012770170356139388,0.019100196087427655,20
813,0.0016895895607564892,0.03181177415019147,15
814,0.000514646147236612,0.01211793724256563,20
815,0.0030572333121437136,0.030050343113360373,15
816,0.0007269465499614814,0.010798300512138268,45
817,0.0077916185413945465,0.05,15
818,0.0006160136757888199,0.018259930814180144,20
819,0.0016086520948652005,0.03129164413929366,45
820,0.0009504149520042117,0.014106863970513712,15
821,0.0006779611614545783,0.014316924035550028,15
822,0.0003374530786615231,0.006912865911299881,15
823,0.00042081561170124933,0.012250979186064461,20
824,0.002052558778319086,0.04145345934342328,25
825,9.822113320103205e-05,0.014585353189419673,30
826,0.0002573591183784943,0.03105298645488456,25
827,0.0003080357163924274,0.016278451586389922,10
828,0.0012140166400424483,0.05,30
829,0.0009413875609868752,0.013265685096465349,30
830,-5.823568155075139e-05,0.023669054700953398,30
831,0.0017297164452691651,0.024768657851298722,55
832,0.0011926609981790153,0.026174598902151545,30
833,0.006187886441540742,0.04708435754847303,15
834,0.0003741249809757545,0.011784471850756116,20
835,0.0008329934513778595,0.011101709561580509,15
836,0.00022986117430465026,0.02137761329456363,40
837,0.010342065343256735,0.05,15
838,0.0021888660958895305,0.022429316982993136,20
839,0.0005838983885706015,0.008890076836312216,20
840,0.0008292802578902459,0.010401049987882594,20
841,0.0010718530147276002,0.008276247559919883,30
842,0.0017788639303021438,0.020258104103331943,15
843,0.0011823379015101954,0.018027077568708687,20
844,0.0010840474295363443,0.024552938256695037,25
845,0.0008382437762781297,0.010768697223774661,35
846,0.0013363589495182418,0.01654895756117001,15
847,0.0009166857255845342,0.01818798040981782,25
848,0.0007781377510782262,0.03289362370129881,15
849,-0.0001240496927658984,0.02135613564334832,35
850,0.007943681266882024,0.04063736851466994,15
851,0.0016735894791712392,0.03648004325417141,10
852,0.0020982431288358856,0.02744616320498133,10
853,0.0007042360068457683,0.016714422031658845,20
854,0.0010998340252728444,0.02494312848095554,20
855,0.005151207961188172,0.03966323051940511,15
856,0.0009356839219070171,0.03964289009763579,15
857,0.00040698358121023904,0.014995463622968278,15
858,0.0005488467986357074,0.011245321185348054,35
859,0.0010781216077007246,0.013135638037310375,10
860,0.000859240734390183,0.01548620990853303,15
861,0.0007385602373571596,0.0186390175072305,45
862,-6.355485177990821e-05,0.018150960740154366,20
863,0.0005289528803148741,0.013289791970733468,15
864,0.004064344958624531,0.05,10
865,0.0005433974661267232,0.01730331006661309,25
866,0.00019665752043147844,0.008229251376074498,45
867,0.0006215798706072438,0.00876377221106209,30
868,0.0004593833637645648,0.022383702937840116,35
869,0.00019080215060093104,0.014605385167483846,35
870,0.0001855229866794496,0.01692113327981519,20
871,0.0021764393432444295,0.05,25
872,0.0003131447372063046,0.010796674995819593,20
873,0.00043660810745168915,0.012086252247313658,25
874,0.000563634834793207,0.0075663373522285235,25
875,0.0005302303329289715,0.008056108485856363,45
876,0.00033961443521598046,0.010517416264601358,30
877,0.0003671577009064177,0.013244072968605808,15
878,0.0009544692511957646,0.013237044070190728,15
879,0.0003272140027044378,0.0077490016143215,25
880,0.0003187738834517065,0.006669417981412899,20
881,0.0009046699766203625,0.008585684046318404,15
882,0.00016259582752463342,0.008885864211690159,20
883,0.0005477583702426633,0.008541777070151964,45
884,0.0010999340182167418,0.007493727439723284,15
885,0.00020872074523278121,0.010554767473825636,20
886,2.1934782341871076e-05,0.005050932030818541,20
887,0.022674811030058147,0.05,40
888,0.013748270087316187,0.05,15
889,0.0009579359939946996,0.014828441638652445,20
890,0.001974280423311602,0.03891771226571027,20
891,0.012396668708258689,0.05,15
892,0.0028113093198010287,0.03242436040532577,25
893,0.00042042417494607225,0.023901194460655882,40
894,0.0011737663684419535,0.05,20
895,0.004856461953423933,0.05,20
896,0.008755491738567963,0.05,15
897,0.014637874846992756,0.05,55
898,0.0014003712505370161,0.012836347377987542,20
899,0.006799414819565671,0.05,40
900,0.018387303260424852,0.05,40
901,0.0010746691452616836,0.011479604228540581,20
902,0.002036336770250779,0.05,20
903,0.039070175159373104,0.05,15
904,0.002090020196636305,0.024484263895147244,20
905,0.0015854362658268342,0.017801383494129276,55
906,0.004088746668410032,0.025390548014942393,15
907,0.0028829893423969765,0.04614905894331127,20
908,0.001809984489688209,0.038444710428793716,55
909,0.02650492865124994,0.05,10
910,0.0041990277279445425,0.05,20
911,0.006522589031041518,0.05,40
912,0.0010429518017072044,0.05,20
913,0.001705775766294079,0.02259928282696047,20
914,0.0009677970882279818,0.01356792120498714,20
915,0.021711430580938534,0.05,40
916,0.0014928366948565926,0.05,25
917,0.0006180942558395897,0.015531802896144871,20
918,0.0010252010894530848,0.05,40
919,0.026731385156211613,0.05,50
920,0.0002700551470476428,0.008511594525685546,25
921,0.0008481175384374134,0.009631727812562253,45
922,0.0043175697636912355,0.03882007055128911,20
923,0.00031892449894161307,0.020848070833011517,30
924,0.0021704845219824853,0.013445818403734938,25
925,0.0014773510312615355,0.019742134810081045,35
926,0.0006542676672553541,0.03301475299601701,20
927,0.0017268402596771542,0.031188836851263408,20
928,0.0007855208770880952,0.03087220737660237,20
929,0.0016021764357328056,0.05,20
930,0.0009045367181532692,0.011737694432645402,15
931,0.0002873962504616958,0.01697801316012724,15
932,0.00021545604225856535,0.010389258707329688,30
933,0.000983677685026392,0.01637033383772861,15
934,0.0013267648498886378,0.016792608350972626,15
935,0.0005179078510260339,0.013062068671153471,15
936,0.0012008419164583042,0.014307169390070052,35
937,0.0004057809288584912,0.01119931609942057,45
938,0.0006676854229750162,0.03892722678665458,35
939,0.0012363146234894622,0.027566694298776142,20
940,0.00013688223502102644,0.014242103146727516,25
941,0.0007291786735293193,0.013614212332836667,15
942,0.002112932290457993,0.024411843366706827,15
943,0.003037296091782086,0.04545460552039907,55
944,0.0031645645108216683,0.05,45
945,0.003048113982504028,0.02099296460440881,15
946,0.0005815506005293864,0.02726573138961956,15
947,0.006296982802522654,0.05,25
948,-0.00020432001615494234,0.05,20
949,-6.258683822314731e-07,0.025070528738946773,15
950,0.00027759197902861484,0.028200025155456124,15
951,0.0001813219818847208,0.017816231541495958,20
952,0.0014673826086850355,0.013744044118104336,15
953,-4.735082923084537e-05,0.02170304759828414,20
954,0.001302693486949715,0.015999378159152092,25
955,0.000854380406009528,0.016218641960882952,10
956,0.000772753116606235,0.012664911139884334,45
957,0.002270264322825823,0.02653876034068183,10
958,0.0006817554953784046,0.036492201790997374,20
959,0.0017289394605085138,0.009793132138215064,15
960,0.001318561084050061,0.014087940343206656,45
961,0.000361772065001666,0.011751597889199647,55
962,0.0001619669370105824,0.025683590831508344,30
963,0.0012500875192365708,0.023923127756429165,25
964,0.0006870764783973234,0.042288175974881596,15
965,2.671215285911905e-05,0.05,20
966,0.00046725475051470486,0.020061426081825935,25
967,0.0036613052355720555,0.024776933664323944,20
968,-0.0002231555108540563,0.030054694889726615,40
969,0.0011222718330920164,0.013245251822580349,15
970,2.1052776147466603e-06,0.023609541167111378,35
971,0.0006979733851630095,0.015326015439484118,20
972,0.002889741654954282,0.03671174913177221,25
973,0.0005856934791972559,0.020464374114209913,20
974,0.002990815582593437,0.021484114467238673,20
975,0.000631278638437605,0.015213049999269652,45
976,0.00046656381606134645,0.0141089665932816,15
977,0.0019378005353258819,0.05,25
978,0.0017474035915486072,0.03588097887138131,45
979,0.0006126706189191851,0.025684293865051576,30
980,0.0018076223004368688,0.02599887576273227,10
981,0.0002743459940097082,0.012347558261172847,20
982,0.0003842761062532336,0.018608345244974404,30
983,0.00162578980026368,0.03675284233267676,35
984,0.00037254592942188885,0.010847627403599439,30
985,0.0005445595466596591,0.01585941076850016,25
986,0.0004678336837039626,0.008159842618559574,20
987,0.0014608532877160732,0.0354964668679263,15
988,0.0004883675596078206,0.014615386401634206,20
989,0.001029422519023281,0.01452439826640384,20
990,0.0005946239568464806,0.010863029461669376,35
991,0.002201428458647869,0.04041816244237328,20
992,0.0013088011434883814,0.03435333046624222,25
993,0.001057837691090369,0.017434622160602674,20
994,0.002416085099851675,0.01380705725554435,15
995,0.0010299914059025538,0.025192926907242483,55
996,0.0009244571878708316,0.021599889245009683,40
997,0.0002209754594350503,0.016717714003951285,25
998,0.0009700526912454327,0.012040523069369884,15
999,0.0021408753555848294,0.017429947767334038,20
1000,0.000127793735256811,0.03587850688434959,40
1001,0.0004609698529669951,0.011981721135160392,35
1002,0.00034315547040548815,0.007868835588895482,20
1003,0.0038308386889228593,0.03693164765671626,20
1004,0.0021252454601601977,0.02326860943425988,20
1005,0.002022215526605756,0.04407311933934689,45
1006,0.0002557381905528941,0.03136398724707549,35
1007,0.0031721440344698645,0.024961284027929593,15
1008,0.0005558010536182838,0.01076405517951844,45
1009,0.0006724204975603005,0.010545769377087507,25
1010,0.0006284204428166608,0.03055979206035699,15
1011,0.0006448348988169506,0.012684751455851696,30
1012,0.0031385255871242846,0.01638837148906462,15
1013,0.0031193208857394437,0.03579558381511505,15
1014,0.000979312406705308,0.05,15
1015,0.0005811701251100263,0.018488606435628455,20
1016,0.0005807560016362748,0.01677237773565382,25
1017,0.00040380918046093497,0.01613077429850606,20
1018,0.0014096516609034407,0.016709409909163354,20
1019,0.004142239134773928,0.05,20
1020,0.0005234958061974916,0.03744565607313812,40
1021,0.0006776053297200419,0.010553993118856833,55
1022,0.0005977987213105979,0.008734958646643606,25
1023,0.00042495610380270817,0.0091777865179576,15
1024,0.0007867640436396779,0.015014069256519531,45
1025,0.0022497535465107266,0.05,15
1026,0.0007365662215502325,0.007967473764922475,35
1027,0.000549518724365296,0.00856200764194121,55
1028,0.00037110952435072197,0.012670416887063354,25
1029,0.0027923569175229974,0.035734296200926816,10
1030,0.0017914659160997819,0.02833492227121217,20
1031,0.001521153732514525,0.03070176978971564,15
1032,0.0029743256584520814,0.029965489250252844,15
1033,0.0006219796589556098,0.01490912885359158,45
1034,0.0012756574928684495,0.032056458248683486,30
1035,0.0029197119535143436,0.033696719420489636,15
1036,0.0009534499869652321,0.014607704367930952,20
1037,0.0001408166251776473,0.01741827593649407,35
1038,0.002306195482305128,0.05,40
1039,0.0012317355336284315,0.0111455951367295,25
1040,-5.5140005182355776e-05,0.016977790052759137,20
1041,0.0003646257799685086,0.010581677616772346,45
1042,0.0008818264946240061,0.024946903366411824,40
1043,0.0005178842998555289,0.013036381520205498,20
1044,0.004888397068098587,0.03721162791029229,25
1045,0.0002795250307317963,0.009257159947897067,35
1046,0.0009553672474995005,0.013130258802135482,15
1047,0.0010275748627182816,0.013013893917796988,15
1048,0.0022348076536814307,0.03627795412003086,20
1049,0.0006192853867978644,0.024211300928565493,15
1050,0.00022458952961109773,0.011361894016290331,35
1051,0.0006836595368418192,0.023242058862690887,30
1052,0.0008196465856778671,0.02519902857640175,15
1053,0.00023390657908659802,0.011505640446430654,45
1054,0.0017592578038807406,0.01939825539999673,15
1055,0.0007687328971742349,0.011040995827644581,20
1056,0.000824403656813261,0.028592283552676102,15
1057,0.0030925892614911896,0.05,15
1058,0.0007724354824254674,0.011171070809721682,45
1059,0.0024754542824899322,0.04202157606182562,20
1060,0.00025706310317462073,0.01614451264631202,20
1061,0.0016391872321224108,0.0213273026619882,10
1062,0.00022607511753273068,0.013966699063248364,55
1063,0.0005201400919765555,0.013836284393198693,35
1064,0.00014092392026865855,0.01572673655740811,20
1065,0.0006883844174745268,0.022300055693236703,35
1066,0.0017035130444112145,0.05,30
1067,0.0005175850127305051,0.016606609362182938,35
1068,0.0015645185365855006,0.016883888608280585,20
1069,0.000886023432872215,0.011267763170458146,35
1070,0.0006167524011509864,0.013328768600328314,40
1071,0.000904229805484752,0.02126397529410236,35
1072,0.0006471234868466466,0.017263340675516377,15
1073,0.0006947324167985271,0.010033693315531032,20
1074,0.0008235427498802125,0.01984359740320792,15
1075,0.0005692924907700559,0.05,20
1076,0.0004386133823334866,0.00859660939441333,45
1077,0.0014156144176715878,0.014246197373223092,15
1078,0.004910236075793014,0.04384001701943083,15
1079,0.0004041797342601376,0.020686295127066684,20
1080,0.0016541756446928966,0.05,10
1081,0.0007292282801698182,0.012028491682353072,45
1082,0.0016933245156126474,0.05,15
1083,0.0005813287202205823,0.021547586802216388,45
1084,0.0014905801105987745,0.018454542599356687,20
1085,0.003913713198554368,0.040283953537408754,15
1086,0.0007202730660899583,0.017963800328001277,30
1087,0.0016541046270820829,0.024235473754477387,30
1088,0.0011185911962947393,0.027875875297722126,30
1089,0.003467400211945513,0.05,45
1090,0.0008774474772426486,0.01690139450610397,45
1091,0.0007285845680325254,0.013070043702989097,40
1092,0.0010557632568811799,0.020788080242944845,35
1093,0.0006547094087694927,0.03145126721053509,20
1094,0.000997438894915175,0.034235110958258146,30
1095,0.0006914197664444186,0.021466279046506047,20
1096,0.00014635772179086588,0.010756840022909886,20
1097,0.000979925127141484,0.006553705888495523,20
1098,0.0009176581036455866,0.04125844066960799,25
1099,0.001174744194694038,0.012431714552723417,25
1100,0.00252616246523371,0.05,25
1101,0.0007681175993279946,0.048102296436837666,55
1102,0.0009158134392781064,0.013401099710731907,15
1103,0.0009269037111296049,0.021161158206581862,25
1104,0.0009227773504359663,0.03751875639705269,40
1105,0.0005429734302219727,0.02561083163649732,40
1106,0.0008804956397446444,0.01832677292134845,40
1107,0.008366746070617343,0.05,55
1108,-0.0002614314466382209,0.030693871480245757,40
1109,0.004679737180871089,0.05,55
1110,0.00025606499840464956,0.029420708873746097,30
1111,0.0007121918203031378,0.017579111028491586,10
1112,0.0004941396207868725,0.04517739195142526,25
1113,0.0007892091469266809,0.023796898967339622,45
1114,0.0017672672899513627,0.05,25
1115,0.0016949620003135363,0.05,25
1116,0.000676681798077465,0.030995795163458746,20
1117,0.0006224992397893446,0.039419959099145946,40
1118,0.0038488369642101766,0.05,35
1119,0.0003622749271108913,0.010592172066518706,15
1120,0.0014389514326448353,0.05,40
1121,0.0007962409793013592,0.01645523621253565,25
1122,-0.00037116967708369594,0.028827359562649226,25
1123,0.00033086006242231974,0.016743984591317707,25
1124,0.00036085744064159777,0.032369926983020256,20
1125,0.0018212179394121852,0.020944186510591878,20
1126,0.002183626306050191,0.047003811865743324,15
1127,0.005878969269731755,0.05,25
1128,0.0031255681289920462,0.05,25
1129,0.0008216896315565306,0.01499507790503737,30
1130,0.0012623733513740098,0.021717888668098734,25
1131,0.0008723631499900745,0.014461965997326149,20
1132,0.0015346045057661535,0.05,20
1133,0.0005438121534740103,0.026280537156336534,45
1134,0.0005131576292868826,0.015585606816413893,25
1135,0.00046322404166384326,0.009291713083063697,20
1136,0.0017355809389511406,0.021452179619979875,55
1137,0.0006143492038293495,0.008891691432295661,15
1138,0.001275936626742532,0.015344481492268304,40
1139,0.0002464964040421465,0.02494316394288433,30
1140,0.0011664515125725534,0.05,25
1141,0.0006516521639220506,0.00867974688743949,15
1142,0.0015729915304000493,0.05,20
1143,0.0015189298064207965,0.018125586740968827,55
1144,0.0001576637393947662,0.028955232834975038,45
1145,0.0001910743897260759,0.028832628606758472,40
1146,0.0005104919541972002,0.014077546717398418,25
1147,0.0032001764466137845,0.031550305412574045,20
1148,0.0012095074523568118,0.024994972088373736,20
1149,-0.00016350581681736148,0.011948294159313293,45
1150,3.8624749364484646e-06,0.018309403926187635,20
1151,0.0011786071693146364,0.013194882166328761,45
1152,0.0008071434248011428,0.017992070046943476,20
1153,0.0004582283836705199,0.02607156244488963,30
1154,0.0012148935633985163,0.030415294257821916,55
1155,0.0006620023514040064,0.008863036697669685,25
1156,0.0015213099518609672,0.030959814714749075,20
1157,0.0013898682256469903,0.021952204083200852,20
1158,0.0003638239731723876,0.01269640241354518,35
1159,-0.00021367985517421685,0.022776455081078718,25
1160,0.005680848317738632,0.05,55
1161,0.0014781395113540395,0.035696164124635804,45
1162,0.0010155171757049285,0.0141329887173527,20
1163,0.00431382504682567,0.035165291273365686,15
1164,0.00027516583554313177,0.024276571602703433,30
1165,0.0008693311459938642,0.008543623511270757,15
1166,0.0015197813677002838,0.05,20
1167,0.0006585515523423385,0.027833224977450405,35
1168,0.00041005179269589014,0.011828432983485794,25
1169,-0.0006066462421054965,0.029631412453804087,40
1170,0.0018603407712344327,0.02322638699198994,20
1171,0.00021913133293450975,0.012445569082081059,25
1172,0.0005639188038833212,0.019409280724284925,40
1173,0.0008209035146601187,0.01912511340770201,25
1174,0.00017523464915644217,0.02059353364641972,30
1175,0.0014270098830433916,0.010798023959930104,30
1176,0.00041568858903820173,0.010034983676999062,35
1177,0.00021964400652791567,0.008986511737465206,25
1178,0.0007696140440462977,0.05,25
1179,0.00151642834851368,0.028583078318062526,20
1180,9.743422320716686e-05,0.014879958198443127,25
1181,0.007534741520903908,0.05,25
1182,0.0021689183635836854,0.024238679217080852,35
1183,4.845797265320503e-05,0.03620171421291425,25
1184,0.00021383745589791792,0.015133719691766257,35
1185,0.0004648750127021812,0.013968466672872475,25
1186,0.0011869188951954494,0.038331665295275014,25
1187,0.000995497788633191,0.01763428096464876,25
1188,0.0012248350201540838,0.024407254799577505,55
1189,0.0002825521838009825,0.011391516851070753,25
1190,0.0003683720836428405,0.020070396100754236,30
1191,0.0003123039879389973,0.019932167031041746,35
1192,-0.0004884209543747503,0.05,55
1193,0.0004006816504354396,0.0076243714959308055,25
1194,0.0007692513956246824,0.02842808358786638,20
1195,0.0009633809257608304,0.01867338628058796,20
1196,0.00010286263549035704,0.021693332063894216,25
1197,0.0009704142007049598,0.044557936764577845,20
1198,0.00032954317784749797,0.014955830027714282,25
1199,0.0005876622234932703,0.05,15
1200,0.0008730211506671264,0.019063335686370093,25
1201,0.002643408269621125,0.03300862148897577,55
1202,0.005141002907659645,0.05,30
1203,0.0003116391805846357,0.010488720743180318,15
1204,0.0006035951384706912,0.05,40
1205,0.0008831676161150469,0.021456163018897457,20
1206,0.0004038501897696754,0.007629143171821669,20
1207,0.016831809619065066,0.05,55
1208,0.0017864021309195355,0.014235270230243575,15
1209,0.0005918303145391542,0.019961840564751213,15
1210,0.0008993919715367302,0.019992181299540997,20
1211,0.0003859319951143444,0.020837885516181983,25
1212,0.0017990531961596201,0.027281550855763427,10
1213,0.0016621154195280118,0.03326483887877166,10
1214,0.000322076516385214,0.011160451860510963,20
1215,0.0014919855955539574,0.014301538129058136,15
1216,0.001468816439854381,0.013253446653869575,15
1217,0.006887816673462788,0.05,20
1218,0.0001612901728293297,0.006177943252120591,25
1219,0.004369498710414821,0.05,20
1220,0.003635745805551928,0.05,40
1221,0.007463049369560216,0.05,40
1222,0.004730855485452953,0.05,20
1223,0.01707815683729966,0.05,40
1224,0.0019081928744390465,0.05,40
1225,0.004738821730737873,0.05,40
1226,0.0036526944715217094,0.03355306153538321,10
1227,0.00255606577500043,0.031094053053780962,10
1228,0.002816448332341467,0.04103132415437265,10
1229,0.010216168055883108,0.05,40
1230,0.0015591677066541722,0.033480385406742585,55
