NCTI322C.PV_Timestamp FASE U;NCTI322C.PV_Value FASE U;NCTI322C.PV_Confidence FASE U;NCTI322D.PV_Timestamp FASE V;NCTI322D.PV_Value FASE V;NCTI322D.PV_Confidence FASE V;NCTI322E.PV_Timestamp FASE W;NCTI322E.PV_Value FASE W;NCTI322E.PV_Confidence FASE W
15/07/2020 13:05;34.92;100;15/07/2020 13:05;34.43;100;15/07/2020 13:05;34.24;100
15/07/2020 13:06;34.92;100;15/07/2020 13:07;34.31;100;16/07/2020 21:58;37.12;100
16/07/2020 22:34;37.85;100;16/07/2020 21:33;37.18;100;17/07/2020 00:16;36.98;100
17/07/2020 00:16;37.55;100;17/07/2020 00:16;37.02;100;17/07/2020 00:18;37.12;100
17/07/2020 00:27;37.73;100;17/07/2020 00:25;37.12;100;18/07/2020 11:25;34.92;100
18/07/2020 11:25;35.59;100;18/07/2020 11:22;34.98;100;18/07/2020 11:27;35.06;100
18/07/2020 11:27;35.68;100;18/07/2020 11:27;35.16;100;18/07/2020 11:29;35.1;100
18/07/2020 11:43;35.83;100;18/07/2020 11:28;35.22;100;19/07/2020 11:38;33.76;100
19/07/2020 13:04;34.43;100;19/07/2020 12:43;33.88;100;19/07/2020 22:38;34.3;100
19/07/2020 22:38;34.92;100;19/07/2020 22:38;34.35;100;19/07/2020 22:42;34.19;100
19/07/2020 22:40;34.8;100;19/07/2020 22:45;34.19;100;20/07/2020 23:46;38.09;100
20/07/2020 23:07;38.76;100;20/07/2020 23:55;38.15;100;21/07/2020 09:49;36.17;100
21/07/2020 09:49;36.99;100;21/07/2020 09:49;36.43;100;21/07/2020 09:52;36.32;100
21/07/2020 09:55;37.12;100;21/07/2020 09:50;36.51;100;22/07/2020 09:59;33.33;100
22/07/2020 12:24;34;100;22/07/2020 08:24;33.45;100;22/07/2020 21:00;33.7;100
22/07/2020 21:00;34.28;100;22/07/2020 21:00;33.73;100;23/07/2020 09:44;33.33;100
22/07/2020 22:59;34;100;22/07/2020 23:29;33.39;100;24/07/2020 05:28;36.08;100
24/07/2020 05:27;36.75;100;24/07/2020 05:40;36.14;100;24/07/2020 08:11;35.71;100
24/07/2020 08:11;36.41;100;24/07/2020 08:11;35.7;100;24/07/2020 11:04;35.22;100
24/07/2020 10:15;35.96;100;24/07/2020 10:58;35.35;100;25/07/2020 02:31;36.75;100
25/07/2020 03:41;37.42;100;25/07/2020 04:38;36.87;100;25/07/2020 19:22;36.2;100
25/07/2020 19:22;36.91;100;25/07/2020 19:22;36.22;100;26/07/2020 11:08;35.59;100
26/07/2020 12:01;36.32;100;26/07/2020 11:21;35.77;100;27/07/2020 02:59;91.26;100
27/07/2020 03:00;91.75;100;27/07/2020 02:57;91.51;100;27/07/2020 06:33;87.61;100
27/07/2020 06:33;87.86;100;27/07/2020 06:33;87.74;100;27/07/2020 13:53;93.89;100
27/07/2020 14:05;93.95;100;27/07/2020 14:04;93.7;100;28/07/2020 17:37;39.8;100
28/07/2020 17:43;40.72;100;28/07/2020 17:42;39.92;100;28/07/2020 17:44;39.91;100
28/07/2020 17:44;40.79;100;28/07/2020 17:44;39.99;100;28/07/2020 17:47;39.92;100
28/07/2020 17:45;40.84;100;28/07/2020 17:45;40.05;100;30/07/2020 03:00;34.43;100
30/07/2020 03:26;35.04;100;30/07/2020 03:34;34.43;100;30/07/2020 04:55;34.5;100
30/07/2020 04:55;35.11;100;30/07/2020 04:55;34.49;100;30/07/2020 13:36;34.86;100
30/07/2020 14:21;35.59;100;30/07/2020 14:58;34.98;100;31/07/2020 08:10;33.64;100
31/07/2020 08:27;34.37;100;31/07/2020 09:34;33.51;100;31/07/2020 16:05;33.82;100
31/07/2020 16:05;34.55;100;31/07/2020 16:05;33.88;100;31/07/2020 16:18;33.76;100
31/07/2020 17:43;34.37;100;31/07/2020 16:07;33.76;100;02/08/2020 02:35;36.51;100
02/08/2020 03:16;37.18;100;02/08/2020 02:40;36.57;100;02/08/2020 03:16;36.45;100
02/08/2020 03:16;37.07;100;02/08/2020 03:16;36.39;100;02/08/2020 03:38;36.57;100
02/08/2020 04:10;37.24;100;02/08/2020 04:46;36.69;100;03/08/2020 11:50;33.33;100
03/08/2020 12:45;34.12;100;03/08/2020 11:46;33.45;100;03/08/2020 14:27;33.87;100
03/08/2020 14:27;34.5;100;03/08/2020 14:27;33.92;100;03/08/2020 14:37;33.76;100
03/08/2020 14:28;34.49;100;03/08/2020 14:30;33.82;100;04/08/2020 02:11;90.77;100
04/08/2020 02:24;90.96;100;04/08/2020 02:11;90.65;100;05/08/2020 01:38;87.34;100
05/08/2020 01:38;87.64;100;05/08/2020 01:38;87.36;100;05/08/2020 03:31;85.46;100
05/08/2020 03:22;85.77;100;05/08/2020 03:40;85.59;100;05/08/2020 14:32;92.91;100
05/08/2020 14:31;92.67;100;05/08/2020 14:35;92.61;100;06/08/2020 12:49;92.33;100
06/08/2020 12:49;92.44;100;06/08/2020 12:49;92.12;100;07/08/2020 06:55;86.32;100
07/08/2020 06:58;86.32;100;07/08/2020 07:03;86.2;100;07/08/2020 16:24;94.07;100
07/08/2020 16:17;94.07;100;07/08/2020 16:17;93.83;100;08/08/2020 00:00;91.52;100
08/08/2020 00:00;91.87;100;08/08/2020 00:00;91.75;100;08/08/2020 13:03;96.51;100
08/08/2020 13:07;96.57;100;08/08/2020 13:02;96.21;100;09/08/2020 08:28;90.59;100
09/08/2020 08:21;90.96;100;09/08/2020 08:30;90.59;100;09/08/2020 11:11;93.37;100
09/08/2020 11:11;93.37;100;09/08/2020 11:11;92.88;100;09/08/2020 18:09;97;100
09/08/2020 18:06;97.06;100;09/08/2020 18:10;96.82;100;10/08/2020 22:21;49.63;100
10/08/2020 22:21;52.5;100;10/08/2020 22:17;50.24;100;10/08/2020 22:22;49.68;100
10/08/2020 22:22;52.74;100;10/08/2020 22:22;50.25;100;10/08/2020 22:23;49.75;100
12/08/2020 09:16;34.12;100;12/08/2020 09:30;33.27;100;12/08/2020 09:23;33.33;100
12/08/2020 09:33;34.14;100;12/08/2020 09:33;33.27;100;12/08/2020 09:33;33.41;100
12/08/2020 09:37;34.31;100;12/08/2020 10:02;33.57;100;12/08/2020 09:34;33.45;100
13/08/2020 20:25;32.11;100;13/08/2020 20:40;31.5;100;13/08/2020 10:40;31.5;100
13/08/2020 20:44;32.19;100;13/08/2020 20:44;31.62;100;13/08/2020 20:44;31.59;100
13/08/2020 21:28;32.05;100;13/08/2020 21:24;31.44;100;13/08/2020 20:55;31.44;100
15/08/2020 02:50;33.09;100;15/08/2020 01:46;32.48;100;14/08/2020 18:05;32.42;100
15/08/2020 07:55;32.54;100;15/08/2020 07:55;31.93;100;15/08/2020 07:55;31.88;100
15/08/2020 15:43;32.84;100;15/08/2020 16:17;32.23;100;15/08/2020 16:15;32.23;100
16/08/2020 11:39;31.87;100;16/08/2020 11:50;31.13;100;16/08/2020 10:28;31.13;100
16/08/2020 19:06;32;100;16/08/2020 19:06;31.44;100;16/08/2020 19:06;31.43;100
17/08/2020 21:12;31.5;100;17/08/2020 11:11;30.89;100;17/08/2020 10:25;30.83;100
18/08/2020 04:39;32.6;100;18/08/2020 04:23;32.05;100;18/08/2020 04:01;31.93;100
18/08/2020 06:16;32.3;100;18/08/2020 06:16;31.86;100;18/08/2020 06:16;31.62;100
18/08/2020 10:12;32.11;100;18/08/2020 10:52;31.38;100;18/08/2020 09:47;31.38;100
19/08/2020 17:06;34.92;100;19/08/2020 17:11;34.31;100;19/08/2020 17:27;34.31;100
19/08/2020 17:27;34.75;100;19/08/2020 17:27;34.24;100;19/08/2020 17:27;34.2;100
19/08/2020 17:47;34.98;100;19/08/2020 17:41;34.37;100;19/08/2020 17:41;34.37;100
21/08/2020 00:20;32.17;100;20/08/2020 23:38;31.38;100;21/08/2020 00:26;31.44;100
21/08/2020 04:38;32.71;100;21/08/2020 04:38;31.92;100;21/08/2020 04:38;31.94;100
21/08/2020 20:51;32.05;100;21/08/2020 20:24;31.32;100;21/08/2020 20:53;31.44;100
22/08/2020 15:40;34.61;100;22/08/2020 15:22;33.94;100;22/08/2020 15:27;33.94;100
22/08/2020 15:49;34.55;100;22/08/2020 15:49;33.84;100;22/08/2020 15:49;33.9;100
23/08/2020 12:03;33.88;100;23/08/2020 11:10;33.15;100;23/08/2020 11:16;33.09;100
24/08/2020 02:29;35.59;100;24/08/2020 02:55;35.04;100;24/08/2020 02:07;34.98;100
24/08/2020 03:00;35.49;100;24/08/2020 03:00;34.88;100;24/08/2020 03:00;34.9;100
24/08/2020 03:32;35.71;100;24/08/2020 03:19;35.04;100;24/08/2020 04:01;35.04;100
25/08/2020 10:31;33.03;100;25/08/2020 09:12;32.42;100;25/08/2020 09:24;32.42;100
25/08/2020 14:11;33.67;100;25/08/2020 14:11;33.09;100;25/08/2020 14:11;33.09;100
25/08/2020 14:14;33.57;100;25/08/2020 14:17;32.96;100;25/08/2020 14:21;33.03;100
26/08/2020 22:39;35.59;100;26/08/2020 22:29;34.98;100;26/08/2020 21:50;34.92;100
27/08/2020 01:22;35.25;100;27/08/2020 01:22;34.68;100;27/08/2020 01:22;34.76;100
27/08/2020 11:36;34.92;100;27/08/2020 18:42;35.71;100;27/08/2020 18:09;35.71;100
27/08/2020 19:16;36.32;100;28/08/2020 11:01;34.19;100;28/08/2020 11:49;34.12;100
28/08/2020 12:33;34.95;100;28/08/2020 12:33;34.32;100;28/08/2020 12:33;34.21;100
29/08/2020 01:52;36.2;100;28/08/2020 23:42;35.53;100;29/08/2020 00:26;35.53;100
29/08/2020 13:47;33.21;100;29/08/2020 12:51;32.48;100;29/08/2020 13:47;32.42;100
29/08/2020 23:44;34.65;100;29/08/2020 23:44;34.09;100;29/08/2020 23:44;33.94;100
30/08/2020 00:31;34.86;100;30/08/2020 00:45;34.25;100;30/08/2020 00:04;34.06;100
30/08/2020 12:00;32.42;100;30/08/2020 11:21;31.74;100;30/08/2020 11:40;31.56;100
31/08/2020 10:55;33.1;100;31/08/2020 10:55;32.42;100;31/08/2020 10:55;32.34;100
31/08/2020 20:46;34.12;100;31/08/2020 20:25;33.51;100;31/08/2020 20:04;33.51;100
01/09/2020 21:49;32.54;100;01/09/2020 21:29;31.8;100;01/09/2020 10:38;31.8;100
01/09/2020 22:06;32.67;100;01/09/2020 22:06;31.83;100;01/09/2020 22:06;31.94;100
01/09/2020 22:07;32.72;100;01/09/2020 22:10;32.11;100;01/09/2020 22:10;32.05;100
02/09/2020 11:27;30.83;100;02/09/2020 12:33;30.16;100;02/09/2020 12:32;29.97;100
03/09/2020 09:17;32.11;100;03/09/2020 09:17;31.56;100;03/09/2020 09:17;31.32;100
03/09/2020 09:18;32.05;100;03/09/2020 09:28;31.38;100;03/09/2020 09:27;31.26;100
04/09/2020 19:15;36.02;100;04/09/2020 20:11;35.47;100;04/09/2020 18:42;35.35;100
04/09/2020 20:27;35.84;100;04/09/2020 20:27;35.47;100;04/09/2020 20:27;35.16;100
04/09/2020 20:42;36.02;100;04/09/2020 20:28;35.47;100;04/09/2020 21:53;35.35;100
06/09/2020 07:21;33.57;100;06/09/2020 07:31;32.96;100;06/09/2020 07:03;32.9;100
06/09/2020 07:38;33.66;100;06/09/2020 07:38;33.15;100;06/09/2020 07:38;32.9;100
06/09/2020 09:50;33.21;100;06/09/2020 10:18;32.54;100;06/09/2020 09:51;32.48;100
06/09/2020 18:15;34.31;100;06/09/2020 19:23;33.76;100;06/09/2020 18:53;33.7;100
07/09/2020 18:49;33.57;100;07/09/2020 18:49;33.05;100;07/09/2020 18:49;32.98;100
07/09/2020 23:09;33.21;100;07/09/2020 23:02;32.6;100;08/09/2020 08:00;32.6;100
08/09/2020 19:51;34.55;100;08/09/2020 19:19;33.94;100;08/09/2020 21:27;34;100
09/09/2020 06:00;34.09;100;09/09/2020 06:00;33.45;100;09/09/2020 06:00;33.22;100
09/09/2020 11:00;33.03;100;09/09/2020 10:25;32.48;100;09/09/2020 10:34;32.29;100
09/09/2020 20:44;34.61;100;09/09/2020 20:08;34;100;09/09/2020 20:18;34;100
10/09/2020 17:11;34.02;100;10/09/2020 17:11;33.35;100;10/09/2020 17:11;33.41;100
10/09/2020 17:28;33.88;100;11/09/2020 09:54;33.21;100;10/09/2020 17:15;33.27;100
12/09/2020 03:36;34.8;100;12/09/2020 04:11;34.25;100;12/09/2020 04:15;34.19;100
12/09/2020 04:22;34.71;100;12/09/2020 04:22;34.12;100;12/09/2020 04:22;34.1;100
12/09/2020 11:05;33.82;100;12/09/2020 12:28;33.27;100;12/09/2020 10:42;33.15;100
13/09/2020 04:38;35.04;100;13/09/2020 04:14;34.43;100;13/09/2020 05:18;34.37;100
13/09/2020 15:33;34.71;100;13/09/2020 15:33;34.03;100;13/09/2020 15:33;34.06;100
13/09/2020 15:54;34.86;100;13/09/2020 15:43;34.25;100;13/09/2020 16:11;34.12;100
15/09/2020 02:02;32.72;100;15/09/2020 02:11;32.05;100;15/09/2020 02:37;31.99;100
15/09/2020 02:44;32.72;100;15/09/2020 02:44;32.18;100;15/09/2020 02:44;32.17;100
15/09/2020 03:18;32.9;100;15/09/2020 03:49;32.35;100;15/09/2020 03:04;32.23;100
15/09/2020 11:51;31.01;100;15/09/2020 12:24;30.34;100;15/09/2020 11:26;30.22;100
16/09/2020 13:55;31.79;100;16/09/2020 13:55;31.15;100;16/09/2020 13:55;30.93;100
16/09/2020 18:00;32.23;100;16/09/2020 18:56;31.68;100;16/09/2020 18:04;31.56;100
17/09/2020 10:48;31.38;100;17/09/2020 11:35;30.77;100;17/09/2020 09:24;30.64;100
18/09/2020 01:06;31.7;100;18/09/2020 01:06;31.24;100;18/09/2020 01:06;31.07;100
18/09/2020 01:39;31.87;100;18/09/2020 01:16;31.32;100;18/09/2020 01:12;31.19;100
19/09/2020 05:48;29.55;100;19/09/2020 06:06;28.94;100;19/09/2020 09:48;28.94;100
19/09/2020 12:17;29.8;100;19/09/2020 12:17;29.25;100;19/09/2020 12:17;29.11;100
19/09/2020 12:36;29.67;100;19/09/2020 12:20;29.06;100;19/09/2020 12:49;29;100
20/09/2020 18:45;31.13;100;20/09/2020 18:52;30.64;100;20/09/2020 18:56;30.46;100
20/09/2020 23:28;30.88;100;20/09/2020 23:28;30.27;100;20/09/2020 23:28;30.27;100
21/09/2020 12:06;30.16;100;21/09/2020 11:28;29.55;100;21/09/2020 11:34;29.42;100
22/09/2020 04:06;31.93;100;22/09/2020 02:27;31.32;100;22/09/2020 04:30;31.26;100
22/09/2020 10:38;31.14;100;22/09/2020 10:38;30.52;100;22/09/2020 10:38;30.4;100
22/09/2020 11:57;30.95;100;22/09/2020 12:32;30.28;100;22/09/2020 11:15;30.16;100
22/09/2020 19:02;31.99;100;22/09/2020 19:44;31.44;100;22/09/2020 18:27;31.32;100
23/09/2020 21:49;31.62;100;23/09/2020 21:49;31.11;100;23/09/2020 21:49;31.05;100
24/09/2020 10:52;30.83;100;24/09/2020 11:34;30.16;100;24/09/2020 10:18;30.03;100
25/09/2020 01:07;33.57;100;25/09/2020 00:18;32.96;100;25/09/2020 01:11;32.84;100
25/09/2020 09:00;32.37;100;25/09/2020 09:00;31.67;100;25/09/2020 09:00;31.5;100
25/09/2020 09:03;32.48;100;25/09/2020 21:39;31.93;100;25/09/2020 22:22;31.74;100
26/09/2020 13:39;29.61;100;26/09/2020 11:48;29;100;26/09/2020 11:46;28.81;100
26/09/2020 20:11;31.23;100;26/09/2020 20:11;30.64;100;26/09/2020 20:11;30.58;100
27/09/2020 00:15;32.11;100;27/09/2020 00:12;31.44;100;26/09/2020 23:33;31.32;100
28/09/2020 07:21;29.85;100;28/09/2020 07:12;29.24;100;28/09/2020 07:09;29.12;100
28/09/2020 07:22;29.95;100;28/09/2020 07:22;29.38;100;28/09/2020 07:22;29.16;100
28/09/2020 09:29;29.36;100;28/09/2020 11:35;28.69;100;28/09/2020 10:12;28.57;100
29/09/2020 18:22;32.72;100;29/09/2020 18:08;32.05;100;29/09/2020 18:27;32.05;100
29/09/2020 18:33;32.63;100;29/09/2020 18:33;31.98;100;29/09/2020 18:33;32.01;100
29/09/2020 21:25;33.15;100;29/09/2020 21:37;32.54;100;29/09/2020 22:00;32.54;100
01/10/2020 05:26;31.01;100;01/10/2020 05:36;30.34;100;01/10/2020 05:18;30.4;100
01/10/2020 05:44;31.07;100;01/10/2020 05:44;30.55;100;01/10/2020 05:44;30.52;100
01/10/2020 05:46;31.19;100;02/10/2020 16:03;27.41;100;02/10/2020 16:29;27.35;100
02/10/2020 15:59;28.02;100;02/10/2020 16:55;27.53;100;02/10/2020 16:55;27.4;100
02/10/2020 16:55;28.08;100;02/10/2020 22:39;28.26;100;03/10/2020 00:13;28.26;100
02/10/2020 23:04;28.94;100;03/10/2020 12:49;26.25;100;03/10/2020 11:22;26.37;100
03/10/2020 12:05;27.04;100;04/10/2020 04:06;26.54;100;04/10/2020 04:06;26.57;100
04/10/2020 04:06;27.21;100;04/10/2020 11:17;25.52;100;04/10/2020 12:35;25.46;100
04/10/2020 12:06;26.13;100;05/10/2020 03:04;27.29;100;05/10/2020 02:48;27.29;100
05/10/2020 02:44;27.96;100;05/10/2020 15:17;26.98;100;05/10/2020 15:17;26.8;100
05/10/2020 15:17;27.58;100;05/10/2020 15:25;26.86;100;05/10/2020 15:21;26.74;100
05/10/2020 15:18;27.53;100;06/10/2020 22:29;28.81;100;06/10/2020 21:04;28.75;100
06/10/2020 00:31;29.48;100;07/10/2020 02:28;28.64;100;07/10/2020 02:28;28.4;100
07/10/2020 02:28;29.18;100;07/10/2020 09:50;27.9;100;07/10/2020 11:08;27.84;100
07/10/2020 09:54;28.51;100;08/10/2020 03:42;31.56;100;08/10/2020 02:15;31.44;100
08/10/2020 02:34;32.23;100;08/10/2020 13:39;31.02;100;08/10/2020 13:39;31.01;100
08/10/2020 13:39;31.74;100;08/10/2020 13:47;31.01;100;08/10/2020 14:05;30.89;100
08/10/2020 13:49;31.62;100;09/10/2020 01:49;32.66;100;09/10/2020 02:35;32.6;100
09/10/2020 01:39;33.27;100;10/10/2020 00:49;31.31;100;10/10/2020 00:49;31.26;100
10/10/2020 00:49;31.93;100;10/10/2020 01:06;31.38;100;10/10/2020 01:20;31.38;100
10/10/2020 01:13;32.05;100;11/10/2020 11:31;28.33;100;11/10/2020 11:37;28.26;100
11/10/2020 10:52;29.06;100;11/10/2020 12:00;28.53;100;11/10/2020 12:00;28.44;100
11/10/2020 12:00;29.3;100;11/10/2020 12:49;28.39;100;11/10/2020 12:04;28.26;100
11/10/2020 13:08;29.06;100;12/10/2020 21:14;30.22;100;12/10/2020 20:44;30.1;100
12/10/2020 22:21;30.83;100;12/10/2020 23:11;29.95;100;12/10/2020 23:11;29.91;100
12/10/2020 23:11;30.52;100;12/10/2020 23:13;30.03;100;12/10/2020 23:23;30.03;100
12/10/2020 23:15;30.64;100;14/10/2020 10:17;26.8;100;14/10/2020 10:13;26.86;100
14/10/2020 09:50;27.59;100;14/10/2020 10:22;26.95;100;14/10/2020 10:22;26.86;100
14/10/2020 10:22;27.68;100;15/10/2020 00:40;28.2;100;14/10/2020 23:55;28.14;100
15/10/2020 00:52;28.87;100;15/10/2020 12:16;25.09;100;15/10/2020 12:44;24.91;100
15/10/2020 12:40;25.76;100;15/10/2020 21:33;25.85;100;15/10/2020 21:33;25.82;100
15/10/2020 21:33;26.53;100;15/10/2020 21:42;26.01;100;15/10/2020 21:37;25.94;100
15/10/2020 21:39;26.62;100;16/10/2020 11:29;23.62;100;16/10/2020 11:51;23.56;100
16/10/2020 11:57;24.3;100;17/10/2020 08:44;24.93;100;17/10/2020 08:44;25.06;100
17/10/2020 08:44;25.63;100;18/10/2020 11:35;24.3;100;18/10/2020 11:17;24.3;100
18/10/2020 11:06;24.97;100;18/10/2020 19:44;26.49;100;18/10/2020 19:53;26.43;100
18/10/2020 19:35;27.17;100;18/10/2020 19:55;26.4;100;18/10/2020 19:55;26.31;100
18/10/2020 19:55;27.07;100;18/10/2020 19:57;26.31;100;18/10/2020 20:00;26.25;100
18/10/2020 19:59;26.98;100;19/10/2020 20:45;27.78;100;19/10/2020 20:51;27.65;100
19/10/2020 21:45;28.45;100;20/10/2020 07:06;27.42;100;20/10/2020 07:06;27.2;100
20/10/2020 07:06;28.03;100;20/10/2020 07:10;27.47;100;20/10/2020 07:08;27.29;100
20/10/2020 07:10;28.08;100;21/10/2020 09:11;25.94;100;20/10/2020 22:52;25.94;100
21/10/2020 00:21;26.55;100;21/10/2020 18:17;26.72;100;21/10/2020 18:17;26.7;100
21/10/2020 18:17;27.28;100;21/10/2020 18:24;26.92;100;21/10/2020 18:20;26.8;100
21/10/2020 18:51;27.53;100;22/10/2020 06:39;25.03;100;22/10/2020 07:09;25.03;100
22/10/2020 05:23;25.7;100;23/10/2020 05:28;25.73;100;23/10/2020 05:28;25.84;100
23/10/2020 05:28;26.45;100;23/10/2020 21:27;26.62;100;23/10/2020 23:26;26.49;100
23/10/2020 23:35;27.17;100;24/10/2020 12:26;24.48;100;24/10/2020 12:01;24.42;100
24/10/2020 12:33;25.15;100;24/10/2020 16:39;25.16;100;24/10/2020 16:39;25.13;100
24/10/2020 16:39;25.86;100;24/10/2020 16:51;25.03;100;24/10/2020 16:41;24.91;100
24/10/2020 16:43;25.7;100;25/10/2020 18:28;26.19;100;25/10/2020 17:33;26.13;100
25/10/2020 17:06;26.86;100;26/10/2020 02:50;25.64;100;26/10/2020 02:50;25.63;100
26/10/2020 02:50;26.38;100;26/10/2020 21:46;26.25;100;27/10/2020 00:46;26.31;100
27/10/2020 00:16;27.04;100;27/10/2020 12:19;22.83;100;27/10/2020 11:55;22.77;100
27/10/2020 11:56;23.62;100;27/10/2020 14:00;23.14;100;27/10/2020 14:00;22.95;100
27/10/2020 14:00;23.81;100;27/10/2020 14:09;23.08;100;27/10/2020 14:11;22.89;100
27/10/2020 14:02;23.69;100;28/10/2020 23:45;25.15;100;28/10/2020 23:04;25.09;100
28/10/2020 23:03;25.82;100;29/10/2020 01:11;24.92;100;29/10/2020 01:11;25.03;100
29/10/2020 01:11;25.57;100;29/10/2020 09:22;24.17;100;29/10/2020 10:17;24.11;100
29/10/2020 09:25;24.78;100;30/10/2020 03:28;27.96;100;30/10/2020 02:22;27.84;100
30/10/2020 02:50;28.63;100;30/10/2020 12:22;27.43;100;30/10/2020 12:22;27.34;100
30/10/2020 12:22;28.05;100;30/10/2020 12:23;27.41;100;30/10/2020 12:29;27.29;100
30/10/2020 12:23;28.02;100;30/10/2020 23:51;29.24;100;31/10/2020 01:05;29.18;100
31/10/2020 00:10;29.85;100;31/10/2020 23:33;28.22;100;31/10/2020 23:33;28.04;100
31/10/2020 23:33;28.74;100;01/11/2020 10:58;26.55;100;01/11/2020 11:39;26.31;100
01/11/2020 11:55;27.1;100;02/11/2020 00:18;29.12;100;01/11/2020 23:20;29;100
01/11/2020 22:49;29.79;100;02/11/2020 10:44;26.74;100;02/11/2020 10:44;26.66;100
02/11/2020 10:44;27.45;100;02/11/2020 11:43;26.55;100;02/11/2020 10:52;26.43;100
02/11/2020 10:57;27.29;100;02/11/2020 23:49;28.63;100;02/11/2020 22:12;28.63;100
02/11/2020 23:13;29.3;100;03/11/2020 21:55;27.99;100;03/11/2020 21:55;27.9;100
03/11/2020 21:55;28.63;100;04/11/2020 01:00;28.26;100;03/11/2020 23:05;28.08;100
03/11/2020 23:50;28.94;100;05/11/2020 08:52;23.32;100;05/11/2020 08:57;23.32;100
05/11/2020 08:34;23.99;100;05/11/2020 09:06;23.41;100;05/11/2020 09:06;23.32;100
05/11/2020 09:06;24.02;100;05/11/2020 09:30;23.26;100;05/11/2020 09:21;23.26;100
05/11/2020 09:29;23.93;100;06/11/2020 16:20;26.8;100;06/11/2020 15:05;26.55;100
06/11/2020 15:34;27.41;100;06/11/2020 20:17;26.23;100;06/11/2020 20:17;26.21;100
06/11/2020 20:17;27.03;100;06/11/2020 20:20;26.37;100;06/11/2020 20:18;26.25;100
06/11/2020 20:18;27.1;100;07/11/2020 09:17;24.72;100;07/11/2020 10:10;24.66;100
07/11/2020 08:55;25.39;100;08/11/2020 07:28;25.58;100;08/11/2020 07:28;25.48;100
08/11/2020 07:28;26.19;100;08/11/2020 11:12;24.85;100;08/11/2020 11:48;24.78;100
08/11/2020 10:12;25.58;100;08/11/2020 22:37;26.31;100;09/11/2020 01:09;26.25;100
09/11/2020 01:21;27.04;100;09/11/2020 18:39;26.07;100;09/11/2020 18:39;26.11;100
09/11/2020 18:39;26.78;100;09/11/2020 18:42;26.19;100;09/11/2020 19:24;26.19;100
09/11/2020 18:54;26.92;100;10/11/2020 11:16;23.87;100;10/11/2020 11:56;23.75;100
10/11/2020 11:55;24.48;100;11/11/2020 05:50;25.57;100;11/11/2020 05:50;25.63;100
11/11/2020 05:50;26.36;100;11/11/2020 10:27;24.85;100;11/11/2020 10:56;24.78;100
11/11/2020 11:00;25.52;100;11/11/2020 22:05;26.62;100;11/11/2020 21:29;26.55;100
12/11/2020 02:07;27.29;100;12/11/2020 17:01;26.01;100;12/11/2020 17:01;26.01;100
12/11/2020 17:01;26.68;100;13/11/2020 10:24;25.39;100;13/11/2020 10:33;25.39;100
12/11/2020 22:19;27.53;100;14/11/2020 01:57;26.92;100;14/11/2020 02:08;26.8;100
13/11/2020 10:55;26.07;100;14/11/2020 04:11;26.8;100;14/11/2020 04:11;26.56;100
14/11/2020 04:11;27.23;100;14/11/2020 10:18;25.82;100;14/11/2020 09:07;25.76;100
14/11/2020 10:40;26.43;100;15/11/2020 15:22;27.28;100;15/11/2020 15:15;27.1;100
15/11/2020 14:57;27.9;100;16/11/2020 00:38;28.26;100;15/11/2020 15:22;26.93;100
15/11/2020 15:22;27.76;100;17/11/2020 01:20;26.13;100;16/11/2020 00:25;28.14;100
16/11/2020 00:02;29;100;17/11/2020 02:33;26.19;100;17/11/2020 01:23;26.13;100
17/11/2020 02:24;26.74;100;17/11/2020 10:47;25.39;100;17/11/2020 02:33;26.24;100
17/11/2020 02:33;26.89;100;18/11/2020 03:19;26.74;100;17/11/2020 11:30;25.46;100
17/11/2020 10:51;26.19;100;18/11/2020 13:44;26.55;100;17/11/2020 22:20;26.8;100
18/11/2020 02:53;27.47;100;19/11/2020 11:29;26.37;100;18/11/2020 13:44;26.52;100
18/11/2020 13:44;27.35;100;19/11/2020 21:24;27.9;100;19/11/2020 11:29;26.37;100
19/11/2020 11:16;27.1;100;20/11/2020 00:55;27.47;100;19/11/2020 22:46;27.71;100
19/11/2020 23:07;28.45;100;20/11/2020 22:02;27.9;100;20/11/2020 00:55;27.53;100
20/11/2020 00:55;28.25;100;21/11/2020 12:03;25.15;100;20/11/2020 22:50;27.84;100
20/11/2020 22:23;28.57;100;21/11/2020 12:06;25.28;100;21/11/2020 11:05;25.15;100
21/11/2020 12:02;25.82;100;21/11/2020 23:35;26.68;100;21/11/2020 12:06;25.19;100
21/11/2020 12:06;25.92;100;22/11/2020 12:02;24.3;100;21/11/2020 21:40;26.62;100
21/11/2020 21:20;27.23;100;22/11/2020 23:17;25.25;100;22/11/2020 13:15;24.3;100
22/11/2020 12:29;24.97;100;22/11/2020 23:23;25.39;100;22/11/2020 23:17;25.24;100
22/11/2020 23:17;26.01;100;23/11/2020 12:31;22.95;100;22/11/2020 23:19;25.46;100
22/11/2020 23:25;26.19;100;24/11/2020 10:28;23.29;100;23/11/2020 12:36;23.01;100
23/11/2020 13:53;23.69;100;24/11/2020 11:10;23.08;100;24/11/2020 10:28;23.38;100
24/11/2020 10:28;24.03;100;24/11/2020 21:53;24.6;100;24/11/2020 10:44;23.14;100
24/11/2020 11:43;23.75;100;25/11/2020 21:39;23.26;100;25/11/2020 02:31;24.54;100
24/11/2020 22:42;25.39;100;25/11/2020 21:41;23.38;100;25/11/2020 21:39;23.2;100
25/11/2020 21:39;23.99;100;27/11/2020 07:20;19.84;100;25/11/2020 21:43;23.32;100
27/11/2020 08:28;20.45;100;27/11/2020 08:50;19.95;100;27/11/2020 08:04;19.9;100
27/11/2020 08:50;20.6;100;27/11/2020 09:36;19.78;100;27/11/2020 08:50;19.93;100
27/11/2020 09:23;20.45;100;28/11/2020 19:52;22.4;100;27/11/2020 09:05;19.84;100
28/11/2020 19:30;23.14;100;28/11/2020 20:01;22.32;100;28/11/2020 20:00;22.4;100
28/11/2020 20:01;23.03;100;28/11/2020 20:07;22.16;100;28/11/2020 20:01;22.21;100
28/11/2020 20:12;22.95;100;29/11/2020 23:39;24.05;100;28/11/2020 20:02;22.16;100
29/11/2020 22:59;24.72;100;30/11/2020 07:12;23.56;100;29/11/2020 23:07;23.99;100
30/11/2020 07:12;24.17;100;30/11/2020 08:49;23.32;100;30/11/2020 07:12;23.45;100
30/11/2020 10:52;23.93;100;01/12/2020 07:29;25.27;100;30/11/2020 10:07;23.26;100
01/12/2020 17:40;26.07;100;01/12/2020 18:22;25.15;100;01/12/2020 18:05;25.21;100
01/12/2020 18:22;25.88;100;01/12/2020 21:32;25.46;100;01/12/2020 18:22;25.15;100
02/12/2020 00:14;26.25;100;02/12/2020 12:02;23.08;100;01/12/2020 23:08;25.46;100
02/12/2020 15:28;23.69;100;03/12/2020 05:33;23.25;100;02/12/2020 12:11;23.01;100
03/12/2020 05:33;23.87;100;03/12/2020 05:34;23.26;100;03/12/2020 05:33;23.25;100
03/12/2020 05:47;23.93;100;04/12/2020 11:55;21.92;100;03/12/2020 05:34;23.26;100
04/12/2020 14:11;22.53;100;04/12/2020 16:44;22.1;100;03/12/2020 11:41;22.04;100
04/12/2020 16:44;22.76;100;05/12/2020 13:23;18.62;100;04/12/2020 16:44;22.2;100
04/12/2020 16:59;22.83;100;06/12/2020 03:55;19.7;100;04/12/2020 16:45;22.22;100
05/12/2020 12:50;19.35;100;06/12/2020 11:20;19.41;100;05/12/2020 13:52;18.74;100
06/12/2020 03:55;20.53;100;07/12/2020 14:59;22.34;100;06/12/2020 03:55;19.9;100
06/12/2020 11:44;20.08;100;07/12/2020 15:06;22.24;100;06/12/2020 11:48;19.47;100
07/12/2020 14:53;23.08;100;07/12/2020 15:13;22.16;100;07/12/2020 14:52;22.34;100
07/12/2020 15:06;22.97;100;08/12/2020 21:24;24.05;100;07/12/2020 15:06;22.22;100
07/12/2020 15:22;22.83;100;09/12/2020 02:17;23.81;100;07/12/2020 15:08;22.16;100
08/12/2020 21:10;24.78;100;09/12/2020 02:20;23.87;100;08/12/2020 22:17;24.11;100
09/12/2020 02:17;24.63;100;09/12/2020 14:56;22.1;100;09/12/2020 02:17;24.02;100
09/12/2020 02:40;24.72;100;10/12/2020 13:28;23.08;100;09/12/2020 02:52;24.05;100
09/12/2020 14:14;22.89;100;10/12/2020 13:43;22.89;100;09/12/2020 14:10;22.16;100
10/12/2020 13:28;23.56;100;11/12/2020 20:21;25.03;100;10/12/2020 13:28;23.08;100
10/12/2020 14:10;23.5;100;12/12/2020 00:39;24.66;100;10/12/2020 13:30;22.95;100
11/12/2020 20:27;25.7;100;12/12/2020 09:38;24.3;100;11/12/2020 21:19;25.03;100
12/12/2020 00:39;25.43;100;13/12/2020 07:10;26.55;100;12/12/2020 00:39;24.8;100
12/12/2020 09:01;24.97;100;13/12/2020 11:50;26.23;100;12/12/2020 05:54;24.42;100
13/12/2020 08:25;27.29;100;13/12/2020 11:51;26.31;100;13/12/2020 07:17;26.49;100
13/12/2020 11:50;26.76;100;14/12/2020 22:53;25.27;100;13/12/2020 11:50;26.19;100
13/12/2020 15:52;27.04;100;14/12/2020 23:01;25.48;100;13/12/2020 12:18;26.31;100
14/12/2020 12:23;26.01;100;14/12/2020 23:02;25.58;100;14/12/2020 11:35;25.39;100
14/12/2020 23:01;26.15;100;16/12/2020 10:07;23.93;100;14/12/2020 23:01;25.52;100
15/12/2020 00:24;26.37;100;16/12/2020 10:12;24;100;14/12/2020 23:40;25.58;100
15/12/2020 12:39;24.66;100;16/12/2020 10:18;24.11;100;16/12/2020 10:03;23.93;100
16/12/2020 10:12;24.78;100;17/12/2020 13:25;21.12;100;16/12/2020 10:12;24;100
16/12/2020 10:15;24.85;100;17/12/2020 21:23;21.98;100;16/12/2020 10:15;24.11;100
17/12/2020 13:15;21.79;100;18/12/2020 22:31;22.71;100;17/12/2020 12:48;21.12;100
17/12/2020 21:23;22.65;100;19/12/2020 08:33;20.45;100;17/12/2020 21:23;22.04;100
18/12/2020 22:00;23.08;100;19/12/2020 12:59;19.84;100;18/12/2020 22:03;22.46;100
19/12/2020 08:21;21.18;100;20/12/2020 19:10;22.59;100;19/12/2020 08:32;20.45;100
19/12/2020 08:33;21.18;100;20/12/2020 19:44;22.42;100;19/12/2020 08:33;20.51;100
19/12/2020 12:43;20.45;100;21/12/2020 11:47;20.94;100;19/12/2020 13:02;19.84;100
20/12/2020 19:26;23.32;100;22/12/2020 01:18;23.2;100;20/12/2020 19:23;22.59;100
20/12/2020 19:44;23.26;100;22/12/2020 06:55;22.53;100;20/12/2020 19:44;22.58;100
21/12/2020 11:39;21.67;100;22/12/2020 09:15;22.16;100;21/12/2020 11:29;21;100
22/12/2020 00:52;23.87;100;22/12/2020 23:15;23.93;100;22/12/2020 00:50;23.2;100
22/12/2020 06:55;23.26;100;23/12/2020 18:06;23.84;100;22/12/2020 06:55;22.58;100
22/12/2020 11:18;22.77;100;24/12/2020 01:42;24.42;100;22/12/2020 10:56;22.16;100
22/12/2020 23:57;24.6;100;24/12/2020 11:07;22.71;100;23/12/2020 04:51;23.93;100
23/12/2020 18:06;24.43;100;25/12/2020 05:17;22.75;100;23/12/2020 18:06;23.69;100
24/12/2020 01:31;25.15;100;25/12/2020 21:04;23.32;100;24/12/2020 00:24;24.42;100
24/12/2020 12:06;23.38;100;26/12/2020 13:19;20.14;100;25/12/2020 05:08;22.59;100
25/12/2020 05:17;23.46;100;26/12/2020 16:28;20.39;100;25/12/2020 05:17;22.67;100
25/12/2020 21:01;23.99;100;26/12/2020 20:20;20.76;100;25/12/2020 20:30;23.32;100
26/12/2020 14:03;20.82;100;27/12/2020 13:22;16.12;100;26/12/2020 13:28;20.21;100
26/12/2020 16:28;20.99;100;28/12/2020 03:39;18.74;100;26/12/2020 16:28;20.35;100
26/12/2020 19:59;21.37;100;28/12/2020 03:42;18.62;100;26/12/2020 19:39;20.82;100
27/12/2020 12:27;16.85;100;28/12/2020 23:34;21.49;100;27/12/2020 12:01;16.05;100
28/12/2020 03:39;19.47;100;29/12/2020 14:50;20.45;100;28/12/2020 03:39;18.83;100
28/12/2020 03:53;19.35;100;29/12/2020 21:42;21.37;100;28/12/2020 03:40;18.8;100
28/12/2020 23:48;22.28;100;30/12/2020 14:31;18.31;100;29/12/2020 00:01;21.61;100
29/12/2020 14:50;21.09;100;31/12/2020 02:01;18.56;100;29/12/2020 14:50;20.47;100
29/12/2020 22:34;22.22;100;31/12/2020 12:00;16.54;100;29/12/2020 22:32;21.55;100
30/12/2020 14:52;18.99;100;01/01/2021 05:44;19.05;100;30/12/2020 13:57;18.31;100
31/12/2020 02:01;19.21;100;01/01/2021 13:12;18.74;100;31/12/2020 02:01;18.54;100
31/12/2020 12:22;17.28;100;01/01/2021 20:04;19.66;100;31/12/2020 11:20;16.54;100
01/01/2021 05:44;19.72;100;02/01/2021 12:40;17.83;100;01/01/2021 08:15;19.29;100
01/01/2021 13:12;19.38;100;03/01/2021 00:23;19.09;100;01/01/2021 13:12;18.82;100
01/01/2021 20:13;20.39;100;03/01/2021 00:30;19.11;100;01/01/2021 19:05;19.78;100
02/01/2021 12:53;18.56;100;03/01/2021 12:50;16.05;100;02/01/2021 12:47;17.83;100
03/01/2021 00:23;19.65;100;04/01/2021 11:34;16.36;100;03/01/2021 00:23;19.11;100
03/01/2021 00:27;19.78;100;04/01/2021 12:02;16.18;100;03/01/2021 00:27;19.23;100
03/01/2021 13:30;16.73;100;05/01/2021 22:13;18.68;100;03/01/2021 12:55;15.99;100
04/01/2021 11:34;17.04;100;05/01/2021 22:44;18.5;100;04/01/2021 11:34;16.3;100
04/01/2021 11:56;16.91;100;05/01/2021 22:47;18.62;100;04/01/2021 12:31;16.18;100
05/01/2021 21:47;19.35;100;06/01/2021 11:22;14.9;100;05/01/2021 22:43;18.74;100
05/01/2021 22:44;19.17;100;07/01/2021 09:55;16.48;100;05/01/2021 22:44;18.62;100
05/01/2021 22:46;19.29;100;07/01/2021 22:29;17.95;100;05/01/2021 22:54;18.74;100
06/01/2021 11:40;15.57;100;08/01/2021 16:33;15.2;100;06/01/2021 11:28;14.9;100
07/01/2021 09:55;17.03;100;08/01/2021 21:06;15.62;100;07/01/2021 09:55;16.54;100
07/01/2021 19:39;18.62;100;09/01/2021 12:08;14.59;100;07/01/2021 21:44;18.01;100
08/01/2021 17:03;15.81;100;09/01/2021 22:53;16.05;100;08/01/2021 16:02;15.26;100
08/01/2021 21:06;16.13;100;10/01/2021 08:17;15.17;100;08/01/2021 21:06;15.65;100
09/01/2021 12:21;15.32;100;10/01/2021 08:18;15.2;100;09/01/2021 11:45;14.77;100
09/01/2021 22:37;16.79;100;11/01/2021 12:01;13.49;100;09/01/2021 21:40;16.12;100
10/01/2021 08:17;15.92;100;11/01/2021 19:28;15;100;10/01/2021 08:17;15.25;100
10/01/2021 08:20;15.99;100;12/01/2021 10:52;14.83;100;10/01/2021 08:41;15.32;100
11/01/2021 12:48;14.1;100;13/01/2021 00:10;17.21;100;11/01/2021 11:06;13.49;100
11/01/2021 19:28;15.61;100;13/01/2021 06:39;16.61;100;11/01/2021 19:28;15.1;100
12/01/2021 12:32;15.51;100;13/01/2021 11:42;15.08;100;12/01/2021 11:13;14.83;100
13/01/2021 00:07;18.01;100;14/01/2021 04:13;17.52;100;13/01/2021 01:51;17.34;100
13/01/2021 06:39;17.31;100;14/01/2021 17:50;16.57;100;13/01/2021 06:39;16.49;100
13/01/2021 12:36;15.75;100;15/01/2021 00:13;17.7;100;13/01/2021 12:38;15.02;100
14/01/2021 02:36;18.25;100;15/01/2021 12:50;15.2;100;14/01/2021 02:43;17.58;100
14/01/2021 17:50;17.34;100;16/01/2021 05:01;16.48;100;14/01/2021 17:50;16.73;100
15/01/2021 02:07;18.5;100;16/01/2021 11:08;15.44;100;14/01/2021 23:19;17.76;100
15/01/2021 13:35;15.87;100;17/01/2021 06:19;19.29;100;15/01/2021 12:52;15.14;100
16/01/2021 05:01;17.17;100;17/01/2021 16:12;18.92;100;16/01/2021 05:01;16.47;100
16/01/2021 12:29;16.05;100;17/01/2021 16:19;18.86;100;16/01/2021 11:06;15.38;100
17/01/2021 06:14;20.02;100;18/01/2021 23:27;20.69;100;17/01/2021 06:11;19.47;100
17/01/2021 16:12;19.64;100;19/01/2021 03:23;20.5;100;17/01/2021 16:12;18.99;100
17/01/2021 16:19;19.53;100;19/01/2021 15:16;19.47;100;17/01/2021 16:24;18.92;100
18/01/2021 23:03;21.37;100;20/01/2021 06:53;21.73;100;18/01/2021 23:03;20.76;100
19/01/2021 03:23;21.23;100;20/01/2021 14:34;21.56;100;19/01/2021 03:23;20.53;100
19/01/2021 14:25;20.21;100;20/01/2021 14:50;21.49;100;19/01/2021 12:45;19.6;100
20/01/2021 07:10;22.34;100;22/01/2021 00:13;23.26;100;20/01/2021 13:23;21.98;100
20/01/2021 14:34;22.22;100;22/01/2021 01:45;23.13;100;20/01/2021 14:34;21.66;100
20/01/2021 14:52;22.16;100;22/01/2021 19:16;23.32;100;20/01/2021 15:13;21.55;100
22/01/2021 00:29;23.87;100;23/01/2021 11:46;21.98;100;22/01/2021 01:44;23.32;100
22/01/2021 01:45;23.8;100;23/01/2021 12:55;22.16;100;22/01/2021 01:45;23.13;100
22/01/2021 19:07;23.99;100;23/01/2021 12:58;22.04;100;22/01/2021 20:49;23.38;100
23/01/2021 11:36;22.71;100;24/01/2021 21:43;23.62;100;23/01/2021 12:17;22.1;100
23/01/2021 12:55;22.83;100;25/01/2021 00:06;23.28;100;23/01/2021 12:55;22.28;100
23/01/2021 13:23;22.71;100;25/01/2021 13:38;22.89;100;23/01/2021 13:29;22.1;100
24/01/2021 17:57;24.17;100;26/01/2021 05:16;24.6;100;24/01/2021 20:14;23.56;100
25/01/2021 00:06;24.05;100;26/01/2021 11:17;24.01;100;25/01/2021 00:06;23.33;100
25/01/2021 13:28;23.5;100;26/01/2021 11:45;23.93;100;25/01/2021 11:28;23.01;100
26/01/2021 05:07;25.21;100;27/01/2021 19:17;26.07;100;26/01/2021 03:09;24.48;100
26/01/2021 11:17;24.82;100;27/01/2021 22:28;25.82;100;26/01/2021 11:17;24.19;100
26/01/2021 13:33;24.6;100;27/01/2021 22:53;26.07;100;26/01/2021 14:51;23.93;100
27/01/2021 20:32;26.74;100;29/01/2021 08:32;22.71;100;27/01/2021 20:28;26.07;100
27/01/2021 22:28;26.49;100;29/01/2021 09:39;22.83;100;27/01/2021 22:28;26.02;100
27/01/2021 22:34;26.68;100;29/01/2021 12:48;144.68;100;27/01/2021 22:53;26.07;100
29/01/2021 09:31;23.38;100;30/01/2021 11:37;22.34;100;29/01/2021 07:48;22.83;100
29/01/2021 09:39;23.46;100;30/01/2021 20:50;23.79;100;29/01/2021 09:39;22.95;100
30/01/2021 11:07;23.08;100;30/01/2021 20:51;23.87;100;29/01/2021 12:54;22.53;100
30/01/2021 20:43;24.54;100;01/02/2021 01:35;22.34;100;30/01/2021 20:31;23.87;100
30/01/2021 20:50;24.36;100;01/02/2021 08:01;22.77;100;30/01/2021 20:50;23.81;100
30/01/2021 21:02;24.54;100;01/02/2021 08:12;22.53;100;30/01/2021 20:52;23.87;100
01/02/2021 01:18;23.01;100;02/02/2021 16:30;24.36;100;01/02/2021 02:26;22.4;100
01/02/2021 08:01;23.32;100;02/02/2021 19:12;24.22;100;01/02/2021 08:01;22.77;100
01/02/2021 08:09;23.2;100;03/02/2021 00:42;23.93;100;01/02/2021 08:03;22.65;100
02/02/2021 17:58;25.09;100;03/02/2021 19:21;24.85;100;02/02/2021 18:31;24.36;100
02/02/2021 19:12;24.94;100;04/02/2021 06:23;24.03;100;02/02/2021 19:12;24.36;100
03/02/2021 00:12;24.6;100;04/02/2021 06:27;24.17;100;03/02/2021 19:20;24.72;100
03/02/2021 19:32;25.52;100;05/02/2021 16:43;21.49;100;04/02/2021 06:12;23.87;100
04/02/2021 06:23;24.64;100;05/02/2021 17:34;21.53;100;04/02/2021 06:23;23.93;100
04/02/2021 06:25;24.85;100;05/02/2021 17:44;21.61;100;04/02/2021 06:26;24.05;100
05/02/2021 16:53;22.1;100;07/02/2021 02:35;20.14;100;05/02/2021 16:34;21.49;100
05/02/2021 17:34;22.13;100;07/02/2021 04:45;20.14;100;05/02/2021 17:34;21.55;100
05/02/2021 17:51;22.4;100;07/02/2021 11:21;20.02;100;05/02/2021 17:49;21.67;100
07/02/2021 03:42;20.88;100;08/02/2021 14:53;21;100;07/02/2021 02:30;20.27;100
07/02/2021 04:45;20.9;100;08/02/2021 15:56;20.93;100;07/02/2021 04:45;20.39;100
07/02/2021 05:50;20.82;100;08/02/2021 16:08;20.76;100;07/02/2021 13:32;20.14;100
08/02/2021 15:05;21.67;100;09/02/2021 11:25;21.92;100;08/02/2021 05:05;21.06;100
08/02/2021 15:56;21.61;100;10/02/2021 03:06;21.37;100;08/02/2021 15:56;21;100
08/02/2021 16:12;21.43;100;10/02/2021 03:35;21.3;100;08/02/2021 16:02;20.88;100
09/02/2021 11:58;22.53;100;11/02/2021 14:07;23.32;100;09/02/2021 11:19;21.85;100
10/02/2021 03:06;22.04;100;11/02/2021 14:17;23.25;100;10/02/2021 03:06;21.49;100
10/02/2021 03:35;21.92;100;11/02/2021 14:19;23.14;100;10/02/2021 12:10;21.43;100
11/02/2021 14:13;23.99;100;12/02/2021 17:45;24.3;100;11/02/2021 13:45;23.32;100
11/02/2021 14:17;23.86;100;13/02/2021 01:28;23.95;100;11/02/2021 14:17;23.2;100
11/02/2021 14:20;23.81;100;13/02/2021 01:31;24.05;100;11/02/2021 14:33;23.14;100
12/02/2021 18:27;25.03;100;13/02/2021 12:37;21.24;100;12/02/2021 22:26;24.42;100
13/02/2021 01:28;24.71;100;14/02/2021 12:39;21.37;100;13/02/2021 01:28;23.99;100
13/02/2021 01:32;24.78;100;14/02/2021 12:52;21.24;100;13/02/2021 01:32;24.11;100
14/02/2021 11:15;21.92;100;15/02/2021 00:29;23.81;100;13/02/2021 13:57;21.18;100
14/02/2021 12:39;22.2;100;15/02/2021 23:50;23.46;100;14/02/2021 12:39;21.3;100
14/02/2021 12:41;22.04;100;15/02/2021 23:57;23.56;100;14/02/2021 12:42;21.24;100
15/02/2021 00:50;24.66;100;16/02/2021 12:00;21.85;100;15/02/2021 00:04;23.81;100
15/02/2021 23:50;24.17;100;17/02/2021 11:01;22.55;100;15/02/2021 23:50;23.42;100
15/02/2021 23:51;24.24;100;17/02/2021 11:57;22.4;100;16/02/2021 12:24;21.92;100
16/02/2021 11:41;22.59;100;18/02/2021 02:31;23.5;100;16/02/2021 23:10;23.56;100
17/02/2021 11:01;23.32;100;18/02/2021 22:12;23.1;100;17/02/2021 11:01;22.65;100
17/02/2021 11:34;23.14;100;19/02/2021 13:20;22.4;100;17/02/2021 12:11;22.4;100
18/02/2021 03:41;24.17;100;19/02/2021 23:25;23.5;100;18/02/2021 01:26;23.56;100
18/02/2021 22:12;23.84;100;20/02/2021 09:23;23.17;100;18/02/2021 22:12;23.26;100
19/02/2021 11:55;23.14;100;21/02/2021 15:34;21.24;100;18/02/2021 22:23;23.32;100
20/02/2021 06:02;24.11;100;21/02/2021 20:16;59.82;100;19/02/2021 11:59;22.4;100
20/02/2021 09:23;23.75;100;21/02/2021 20:34;59.6;100;20/02/2021 09:23;23.11;100
21/02/2021 16:48;21.92;100;22/02/2021 09:42;53.84;100;21/02/2021 14:59;21.24;100
21/02/2021 20:16;60.01;100;22/02/2021 17:11;61.23;100;21/02/2021 20:32;59.89;100
21/02/2021 20:34;59.99;100;23/02/2021 07:45;56.96;100;21/02/2021 20:34;59.72;100
22/02/2021 09:38;54.09;100;23/02/2021 14:37;64.28;100;22/02/2021 09:11;54.15;100
22/02/2021 17:10;61.66;100;24/02/2021 18:56;36.2;100;22/02/2021 18:04;61.59;100
23/02/2021 07:45;57.23;100;24/02/2021 18:56;36.2;100;23/02/2021 07:45;57.19;100
23/02/2021 14:45;64.71;100;24/02/2021 18:58;36.44;100;23/02/2021 14:34;64.52;100
24/02/2021 18:52;37.67;100;26/02/2021 05:54;24.97;100;24/02/2021 18:55;35.83;100
24/02/2021 18:56;37.84;100;26/02/2021 06:07;25.02;100;24/02/2021 18:56;35.94;100
26/02/2021 06:06;25.64;100;26/02/2021 06:10;25.03;100;26/02/2021 05:52;24.91;100
26/02/2021 06:07;25.7;100;27/02/2021 10:49;22.83;100;26/02/2021 06:07;24.91;100
26/02/2021 06:08;25.76;100;27/02/2021 17:17;23.32;100;26/02/2021 06:08;25.03;100
27/02/2021 11:40;23.62;100;28/02/2021 00:46;24.24;100;26/02/2021 15:15;22.89;100
27/02/2021 17:17;24.11;100;28/02/2021 12:02;22.65;100;27/02/2021 17:17;23.32;100
28/02/2021 11:43;23.38;100;01/03/2021 04:28;23.92;100;27/02/2021 23:09;24.05;100
28/02/2021 23:04;24.85;100;01/03/2021 11:36;23.01;100;28/02/2021 12:30;22.65;100
01/03/2021 04:28;24.66;100;02/03/2021 01:35;24.72;100;01/03/2021 04:28;23.91;100
01/03/2021 11:14;23.75;100;02/03/2021 15:39;24.16;100;01/03/2021 13:59;23.08;100
02/03/2021 01:57;25.39;100;03/03/2021 10:09;23.81;100;02/03/2021 00:20;24.66;100
02/03/2021 15:39;24.77;100;03/03/2021 20:00;25.03;100;02/03/2021 15:39;24;100
03/03/2021 10:54;24.48;100;04/03/2021 02:50;24.68;100;03/03/2021 12:04;23.81;100
03/03/2021 21:07;25.88;100;04/03/2021 02:58;24.78;100;03/03/2021 20:33;25.03;100
04/03/2021 02:50;25.38;100;05/03/2021 13:29;22.46;100;04/03/2021 02:50;24.77;100
04/03/2021 02:53;25.46;100;05/03/2021 14:01;22.59;100;04/03/2021 02:51;24.78;100
05/03/2021 13:19;23.14;100;06/03/2021 11:24;21.98;100;05/03/2021 13:38;22.4;100
05/03/2021 14:01;23.24;100;06/03/2021 21:10;61.05;100;05/03/2021 14:01;22.51;100
06/03/2021 10:42;22.71;100;07/03/2021 01:12;60.41;100;06/03/2021 08:51;22.1;100
06/03/2021 21:04;61.23;100;07/03/2021 15:54;64.22;100;06/03/2021 23:09;60.74;100
07/03/2021 01:12;60.41;100;08/03/2021 08:31;56.83;100;07/03/2021 01:12;60.11;100
07/03/2021 15:36;64.52;100;08/03/2021 12:23;59.97;100;07/03/2021 15:52;64.22;100
08/03/2021 07:55;57.02;100;08/03/2021 12:51;60.25;100;08/03/2021 08:17;56.89;100
08/03/2021 12:23;60.34;100;09/03/2021 22:29;25.21;100;08/03/2021 12:23;60.29;100
08/03/2021 12:47;60.8;100;09/03/2021 23:34;25.21;100;08/03/2021 12:49;60.74;100
09/03/2021 23:17;25.88;100;09/03/2021 23:36;25.27;100;09/03/2021 23:02;25.21;100
09/03/2021 23:34;26.01;100;11/03/2021 10:25;21.67;100;09/03/2021 23:34;25.38;100
09/03/2021 23:45;26.07;100;11/03/2021 10:45;21.85;100;09/03/2021 23:35;25.46;100
11/03/2021 10:43;22.4;100;11/03/2021 10:58;21.67;100;10/03/2021 11:22;21.73;100
11/03/2021 10:45;22.53;100;12/03/2021 21:32;24.11;100;11/03/2021 10:45;21.75;100
11/03/2021 10:59;22.34;100;12/03/2021 21:56;24.05;100;11/03/2021 10:52;21.61;100
12/03/2021 21:29;24.78;100;12/03/2021 22:43;24.17;100;12/03/2021 21:42;24.11;100
12/03/2021 21:56;24.58;100;13/03/2021 12:19;21.3;100;12/03/2021 21:56;24.04;100
12/03/2021 22:35;24.85;100;14/03/2021 09:07;22.09;100;12/03/2021 22:21;24.17;100
13/03/2021 12:13;21.98;100;14/03/2021 12:25;21.3;100;13/03/2021 12:02;21.24;100
14/03/2021 09:07;22.83;100;15/03/2021 20:16;25.33;100;14/03/2021 09:07;22.14;100
14/03/2021 11:42;22.1;100;15/03/2021 20:18;25.15;100;14/03/2021 11:26;21.37;100
15/03/2021 20:18;25.94;100;16/03/2021 12:20;24.24;100;15/03/2021 20:01;25.27;100
15/03/2021 20:18;25.94;100;16/03/2021 22:26;26.43;100;15/03/2021 20:18;25.15;100
16/03/2021 11:51;24.97;100;17/03/2021 07:28;24.79;100;16/03/2021 11:37;24.17;100
17/03/2021 00:43;27.1;100;17/03/2021 10:52;23.75;100;16/03/2021 23:24;26.37;100
17/03/2021 07:28;25.46;100;18/03/2021 18:39;65.19;100;17/03/2021 07:28;24.84;100
17/03/2021 11:34;24.42;100;18/03/2021 19:22;67.46;100;17/03/2021 11:19;23.81;100
18/03/2021 18:39;65.61;100;19/03/2021 07:13;55.43;100;18/03/2021 18:39;65.34;100
18/03/2021 19:21;67.7;100;20/03/2021 05:50;60.9;100;18/03/2021 19:32;67.39;100
19/03/2021 07:21;55.67;100;20/03/2021 12:25;62.39;100;19/03/2021 07:22;55.25;100
20/03/2021 05:50;61.17;100;21/03/2021 17:01;24.41;100;20/03/2021 05:50;60.69;100
20/03/2021 12:26;63.06;100;21/03/2021 17:04;24.66;100;20/03/2021 12:25;62.75;100
21/03/2021 16:51;25.09;100;22/03/2021 11:49;20.21;100;21/03/2021 16:41;24.36;100
21/03/2021 17:01;25.24;100;23/03/2021 04:12;22.73;100;21/03/2021 17:01;24.43;100
21/03/2021 17:05;25.33;100;23/03/2021 11:04;21.61;100;21/03/2021 17:03;24.48;100
22/03/2021 11:04;20.94;100;24/03/2021 02:39;23.38;100;22/03/2021 10:31;20.21;100
23/03/2021 04:12;23.38;100;24/03/2021 15:23;22.59;100;23/03/2021 04:12;22.77;100
23/03/2021 10:57;22.28;100;25/03/2021 11:23;22.4;100;23/03/2021 10:30;21.61;100
24/03/2021 02:36;24.05;100;26/03/2021 01:31;23.87;100;24/03/2021 01:06;23.44;100
24/03/2021 15:23;23.35;100;26/03/2021 02:34;23.75;100;24/03/2021 15:23;22.59;100
25/03/2021 09:49;23.14;100;26/03/2021 10:53;23.14;100;25/03/2021 10:32;22.4;100
26/03/2021 01:47;24.54;100;27/03/2021 13:45;62.73;100;26/03/2021 01:03;23.93;100
26/03/2021 02:34;24.45;100;27/03/2021 17:27;70.26;100;26/03/2021 02:34;23.87;100
26/03/2021 11:14;23.87;100;28/03/2021 08:06;62.63;100;26/03/2021 11:17;23.26;100
27/03/2021 13:45;63.33;100;29/03/2021 01:56;66.95;100;27/03/2021 13:45;62.82;100
27/03/2021 17:28;70.63;100;29/03/2021 01:58;67.09;100;27/03/2021 13:45;62.79;100
28/03/2021 08:10;62.88;100;30/03/2021 13:03;29.18;100;27/03/2021 17:18;70.45;100
29/03/2021 01:56;67.46;100;30/03/2021 13:07;29.36;100;28/03/2021 08:09;62.63;100
30/03/2021 12:52;29.97;100;30/03/2021 21:00;29.61;100;29/03/2021 01:56;67.03;100
30/03/2021 13:07;30.02;100;31/03/2021 11:27;27.59;100;30/03/2021 12:33;29.12;100
30/03/2021 21:45;30.22;100;01/04/2021 00:18;28.7;100;30/03/2021 13:07;29.18;100
31/03/2021 11:03;28.26;100;01/04/2021 00:28;28.87;100;30/03/2021 22:00;29.42;100
01/04/2021 00:18;29.46;100;02/04/2021 10:40;25.03;100;31/03/2021 11:13;27.53;100
01/04/2021 00:25;29.48;100;02/04/2021 11:29;25.03;100;01/04/2021 00:18;28.6;100
02/04/2021 11:17;25.76;100;02/04/2021 18:05;25.52;100;01/04/2021 00:22;28.81;100
02/04/2021 11:29;25.88;100;03/04/2021 11:46;23.99;100;02/04/2021 10:29;25.15;100
02/04/2021 19:05;26.25;100;03/04/2021 22:39;24.78;100;02/04/2021 11:29;25.22;100
03/04/2021 12:05;24.66;100;04/04/2021 10:58;24.6;100;02/04/2021 20:18;25.52;100
03/04/2021 22:39;25.45;100;04/04/2021 22:19;25.94;100;03/04/2021 11:57;23.99;100
03/04/2021 22:43;25.27;100;05/04/2021 09:50;25.35;100;03/04/2021 22:39;24.79;100
04/04/2021 18:53;26.49;100;05/04/2021 11:55;25.27;100;03/04/2021 22:45;24.66;100
05/04/2021 09:50;26.13;100;06/04/2021 16:12;68.8;100;04/04/2021 20:15;25.88;100
05/04/2021 11:45;25.94;100;06/04/2021 21:01;66.83;100;05/04/2021 09:50;25.4;100
06/04/2021 16:13;69.29;100;06/04/2021 21:48;67.58;100;05/04/2021 11:37;25.15;100
06/04/2021 21:01;67.26;100;08/04/2021 08:12;57.63;100;06/04/2021 17:02;68.98;100
06/04/2021 21:43;67.64;100;08/04/2021 08:12;57.67;100;06/04/2021 21:01;67.05;100
08/04/2021 08:12;58.03;100;08/04/2021 08:13;57.69;100;07/04/2021 16:35;67.52;100
09/04/2021 19:22;28.63;100;09/04/2021 19:11;27.96;100;08/04/2021 08:11;57.87;100
09/04/2021 19:23;28.67;100;09/04/2021 19:23;28.02;100;08/04/2021 08:12;57.9;100
09/04/2021 19:26;28.81;100;09/04/2021 19:26;28.14;100;09/04/2021 19:19;27.84;100
11/04/2021 06:26;25.58;100;11/04/2021 06:31;24.97;100;09/04/2021 19:23;27.96;100
11/04/2021 06:34;25.8;100;11/04/2021 06:34;25.18;100;09/04/2021 19:30;28.08;100
12/04/2021 00:25;26.37;100;12/04/2021 00:18;25.76;100;11/04/2021 06:33;25.09;100
12/04/2021 10:27;25.33;100;12/04/2021 10:43;24.6;100;11/04/2021 06:34;25.22;100
12/04/2021 17:45;26.13;100;12/04/2021 17:45;25.61;100;11/04/2021 19:57;25.7;100
12/04/2021 18:12;26.01;100;12/04/2021 18:02;25.39;100;12/04/2021 09:38;24.66;100
13/04/2021 21:10;27.53;100;13/04/2021 21:27;26.92;100;12/04/2021 17:45;25.43;100
14/04/2021 04:56;27.07;100;14/04/2021 04:56;26.44;100;12/04/2021 17:58;25.33;100
14/04/2021 17:27;27.47;100;14/04/2021 17:18;26.8;100;13/04/2021 22:07;26.92;100
15/04/2021 11:07;26.01;100;15/04/2021 10:43;25.33;100;14/04/2021 04:56;26.59;100
15/04/2021 16:07;26.57;100;15/04/2021 16:07;25.84;100;14/04/2021 16:31;26.68;100
15/04/2021 16:14;26.43;100;15/04/2021 16:13;25.82;100;15/04/2021 10:34;25.27;100
16/04/2021 17:29;65.99;100;16/04/2021 17:43;65.62;100;15/04/2021 16:07;25.88;100
17/04/2021 03:18;65.24;100;17/04/2021 03:18;65.1;100;15/04/2021 16:15;25.76;100
17/04/2021 23:33;68.37;100;17/04/2021 23:46;68.13;100;16/04/2021 16:30;65.87;100
18/04/2021 14:21;45.78;100;18/04/2021 14:26;43.77;100;17/04/2021 03:18;64.83;100
18/04/2021 14:29;45.87;100;18/04/2021 14:29;43.78;100;17/04/2021 17:36;68.13;100
20/04/2021 00:24;28.63;100;18/04/2021 14:30;43.83;100;18/04/2021 14:28;43.16;100
20/04/2021 01:40;28.7;100;20/04/2021 00:36;27.96;100;18/04/2021 14:29;43.16;100
20/04/2021 02:20;28.87;100;20/04/2021 01:40;27.96;100;18/04/2021 14:35;43.22;100
21/04/2021 12:45;26.43;100;20/04/2021 01:45;28.14;100;20/04/2021 01:13;27.96;100
21/04/2021 12:50;26.61;100;21/04/2021 10:25;25.76;100;20/04/2021 01:40;28.14;100
21/04/2021 12:54;26.8;100;21/04/2021 12:50;25.82;100;20/04/2021 01:56;28.2;100
22/04/2021 06:33;25.27;100;21/04/2021 14:04;26.07;100;21/04/2021 10:57;25.76;100
23/04/2021 00:01;26.49;100;22/04/2021 08:03;24.6;100;21/04/2021 12:50;25.88;100
23/04/2021 09:48;26.13;100;23/04/2021 00:01;25.76;100;22/04/2021 06:43;24.66;100
23/04/2021 21:50;27.84;100;23/04/2021 09:26;25.52;100;22/04/2021 20:01;26.13;100
24/04/2021 11:12;26.94;100;23/04/2021 21:30;27.17;100;23/04/2021 00:01;25.87;100
24/04/2021 11:16;26.86;100;24/04/2021 11:12;26.32;100;23/04/2021 11:37;25.46;100
24/04/2021 17:35;27.53;100;24/04/2021 11:25;26.25;100;23/04/2021 21:14;27.04;100
25/04/2021 22:23;27.2;100;24/04/2021 17:49;26.86;100;24/04/2021 11:12;26.19;100
25/04/2021 22:24;27.17;100;25/04/2021 22:23;26.63;100;24/04/2021 11:45;26.07;100
26/04/2021 17:12;66.42;100;25/04/2021 23:16;26.49;100;24/04/2021 23:14;26.74;100
27/04/2021 09:34;62.53;100;26/04/2021 20:53;66.05;100;25/04/2021 22:23;26.51;100
27/04/2021 13:58;65.75;100;27/04/2021 09:34;62.18;100;25/04/2021 23:05;26.37;100
28/04/2021 20:27;28.81;100;27/04/2021 13:56;65.38;100;26/04/2021 17:08;66.23;100
28/04/2021 20:45;28.87;100;28/04/2021 20:42;28.08;100;27/04/2021 09:34;62.35;100
28/04/2021 20:48;29;100;28/04/2021 20:45;28.23;100;27/04/2021 13:39;65.68;100
30/04/2021 07:12;24.91;100;28/04/2021 21:13;28.26;100;28/04/2021 20:38;28.08;100
30/04/2021 07:56;25.03;100;30/04/2021 07:28;24.24;100;28/04/2021 20:45;28.08;100
01/05/2021 01:04;25.88;100;30/04/2021 07:56;24.33;100;28/04/2021 20:54;28.2;100
01/05/2021 11:50;24.36;100;01/05/2021 00:34;25.21;100;30/04/2021 07:46;24.3;100
01/05/2021 19:07;24.75;100;01/05/2021 11:32;23.62;100;30/04/2021 07:56;24.36;100
02/05/2021 01:19;25.33;100;01/05/2021 19:07;24.24;100;01/05/2021 01:04;25.21;100
02/05/2021 11:14;23.81;100;02/05/2021 01:26;24.66;100;01/05/2021 13:03;23.69;100
03/05/2021 06:18;24.52;100;02/05/2021 11:42;23.08;100;01/05/2021 19:07;24.21;100
03/05/2021 10:21;23.81;100;03/05/2021 06:18;23.91;100;02/05/2021 02:36;24.72;100
04/05/2021 17:15;27.1;100;03/05/2021 09:10;23.2;100;02/05/2021 11:33;23.14;100
04/05/2021 17:29;27.03;100;04/05/2021 17:29;26.49;100;03/05/2021 06:18;23.93;100
04/05/2021 17:36;26.92;100;04/05/2021 17:29;26.48;100;03/05/2021 10:23;23.14;100
05/05/2021 15:34;74.72;100;04/05/2021 17:32;26.31;100;04/05/2021 17:19;26.43;100
06/05/2021 04:40;69.74;100;05/05/2021 15:35;74.23;100;04/05/2021 17:29;26.42;100
06/05/2021 08:36;66.23;100;06/05/2021 04:40;69.54;100;04/05/2021 17:31;26.25;100
07/05/2021 13:56;77.28;100;06/05/2021 07:56;66.17;100;05/05/2021 15:33;74.48;100
07/05/2021 15:51;74.33;100;07/05/2021 14:03;76.61;100;06/05/2021 04:40;69.28;100
09/05/2021 02:59;31.5;100;07/05/2021 15:51;73.73;100;06/05/2021 08:15;66.11;100
09/05/2021 03:01;31.62;100;07/05/2021 15:53;73.8;100;07/05/2021 13:55;77.1;100
09/05/2021 03:16;31.68;100;09/05/2021 02:55;30.77;100;07/05/2021 15:51;74;100
10/05/2021 10:00;25.94;100;09/05/2021 03:01;30.89;100;07/05/2021 15:52;74.11;100
10/05/2021 14:12;26.24;100;09/05/2021 03:03;30.95;100;09/05/2021 03:01;30.65;100
10/05/2021 14:17;26.37;100;10/05/2021 09:17;25.27;100;09/05/2021 03:05;30.83;100
11/05/2021 11:16;24.66;100;10/05/2021 14:12;25.63;100;10/05/2021 10:34;25.27;100
12/05/2021 01:23;25.1;100;10/05/2021 14:15;25.7;100;10/05/2021 14:12;25.68;100
12/05/2021 08:54;24.66;100;11/05/2021 10:58;23.93;100;10/05/2021 14:13;25.7;100
13/05/2021 03:21;26.92;100;12/05/2021 01:23;24.6;100;11/05/2021 11:43;23.93;100
13/05/2021 12:34;26.01;100;12/05/2021 09:07;23.99;100;12/05/2021 01:23;24.65;100
13/05/2021 12:41;25.94;100;13/05/2021 03:07;26.19;100;12/05/2021 09:32;23.99;100
14/05/2021 23:25;71.36;100;13/05/2021 12:34;25.52;100;13/05/2021 04:11;26.19;100
14/05/2021 23:45;71.22;100;13/05/2021 12:51;25.27;100;13/05/2021 12:34;25.24;100
15/05/2021 22:24;74.84;100;14/05/2021 23:35;71.24;100;13/05/2021 12:37;25.15;100
16/05/2021 10:56;55.14;100;14/05/2021 23:45;70.98;100;14/05/2021 23:26;71.06;100
17/05/2021 03:09;39.31;100;15/05/2021 21:58;74.78;100;14/05/2021 23:45;70.63;100
17/05/2021 19:33;73.56;100;16/05/2021 10:56;53.72;100;15/05/2021 21:58;74.48;100
17/05/2021 22:07;69.65;100;16/05/2021 10:56;53.72;100;16/05/2021 10:56;53.1;100
17/05/2021 22:51;70.32;100;17/05/2021 03:05;38.4;100;17/05/2021 03:12;37.97;100
19/05/2021 09:18;34.31;100;17/05/2021 20:32;73.32;100;17/05/2021 19:31;73.44;100
19/05/2021 09:18;34.36;100;17/05/2021 22:07;69.56;100;17/05/2021 22:07;69.53;100
19/05/2021 09:21;34.55;100;17/05/2021 22:51;70.02;100;17/05/2021 23:15;70.02;100
20/05/2021 12:42;31.26;100;19/05/2021 09:15;33.45;100;19/05/2021 09:10;33.27;100
20/05/2021 20:29;31.74;100;19/05/2021 09:18;33.56;100;19/05/2021 09:18;33.36;100
20/05/2021 20:53;31.87;100;19/05/2021 09:20;33.64;100;19/05/2021 09:19;33.39;100
21/05/2021 11:12;29.85;100;20/05/2021 12:47;30.58;100;20/05/2021 12:00;30.58;100
22/05/2021 07:40;29.97;100;20/05/2021 20:29;31.11;100;20/05/2021 20:29;31.01;100
22/05/2021 21:47;30.89;100;20/05/2021 20:34;31.32;100;20/05/2021 20:37;31.26;100
23/05/2021 12:12;28.02;100;21/05/2021 11:42;29.12;100;22/05/2021 07:34;29.18;100
23/05/2021 18:51;29.48;100;22/05/2021 07:40;29.24;100;22/05/2021 07:40;29.24;100
24/05/2021 12:59;27.84;100;22/05/2021 22:18;30.22;100;22/05/2021 22:35;30.22;100
24/05/2021 22:57;73.32;100;23/05/2021 12:33;27.29;100;23/05/2021 12:14;27.17;100
25/05/2021 06:02;65.38;100;23/05/2021 18:51;28.68;100;23/05/2021 18:51;28.58;100
25/05/2021 14:09;73.25;100;24/05/2021 12:09;27.23;100;24/05/2021 12:20;27.04;100
26/05/2021 17:12;61.05;100;24/05/2021 22:58;73.19;100;24/05/2021 22:57;73.07;100
26/05/2021 17:12;61.05;100;25/05/2021 06:02;65.07;100;25/05/2021 06:02;65.07;100
26/05/2021 17:14;61.11;100;25/05/2021 14:10;72.83;100;25/05/2021 14:06;73.25;100
28/05/2021 03:42;31.01;100;26/05/2021 17:12;59.76;100;26/05/2021 17:12;59.4;100
28/05/2021 04:23;31.13;100;26/05/2021 17:12;59.82;100;28/05/2021 03:37;30.28;100
28/05/2021 04:27;31.19;100;26/05/2021 17:13;59.82;100;28/05/2021 04:23;30.39;100
29/05/2021 07:16;29.3;100;28/05/2021 04:19;30.22;100;28/05/2021 04:25;30.46;100
29/05/2021 15:34;30.35;100;28/05/2021 04:23;30.35;100;29/05/2021 07:25;28.57;100
29/05/2021 15:50;30.22;100;28/05/2021 04:27;30.52;100;29/05/2021 15:34;29.68;100
30/05/2021 11:20;91.69;100;29/05/2021 08:09;28.63;100;29/05/2021 15:39;29.48;100
31/05/2021 02:45;84.49;100;29/05/2021 15:34;29.65;100;30/05/2021 11:22;91.45;100
31/05/2021 14:26;98.77;100;29/05/2021 15:44;29.48;100;31/05/2021 02:45;84.27;100
01/06/2021 04:35;67.46;100;30/05/2021 11:22;91.26;100;31/05/2021 14:40;98.77;100
01/06/2021 13:56;71.73;100;31/05/2021 02:45;84.44;100;01/06/2021 04:43;67.33;100
02/06/2021 09:25;66.3;100;31/05/2021 14:31;98.04;100;01/06/2021 13:56;71.5;100
02/06/2021 15:12;73.01;100;01/06/2021 04:34;67.21;100;02/06/2021 09:08;66.48;100
03/06/2021 01:07;72.43;100;01/06/2021 13:56;71.18;100;02/06/2021 12:56;73.01;100
03/06/2021 08:21;64.46;100;02/06/2021 09:24;66.05;100;03/06/2021 01:07;71.98;100
04/06/2021 03:03;91.14;100;02/06/2021 12:53;72.58;100;03/06/2021 08:26;64.4;100
04/06/2021 12:18;89.92;100;03/06/2021 01:07;71.84;100;04/06/2021 03:05;90.71;100
04/06/2021 15:21;91.93;100;03/06/2021 08:29;64.16;100;04/06/2021 12:18;89.68;100
05/06/2021 09:51;85.71;100;04/06/2021 03:01;90.9;100;04/06/2021 15:09;91.75;100
05/06/2021 23:29;89.75;100;04/06/2021 12:18;89.46;100;05/06/2021 09:39;85.34;100
06/06/2021 03:52;86.75;100;04/06/2021 15:33;91.57;100;05/06/2021 23:29;89.19;100
07/06/2021 01:50;97.12;100;05/06/2021 09:44;85.34;100;06/06/2021 03:45;86.26;100
07/06/2021 10:40;92.75;100;05/06/2021 23:29;89.53;100;07/06/2021 02:39;96.63;100
08/06/2021 08:29;90.65;100;06/06/2021 03:45;86.56;100;07/06/2021 10:40;92.53;100
08/06/2021 12:20;100.24;100;07/06/2021 02:38;96.7;100;08/06/2021 08:23;90.35;100
08/06/2021 21:51;93.99;100;07/06/2021 10:40;92.1;100;08/06/2021 12:20;100.11;100
09/06/2021 14:58;96.76;100;08/06/2021 08:25;90.47;100;08/06/2021 21:51;93.77;100
10/06/2021 08:21;88.76;100;08/06/2021 12:22;99.93;100;09/06/2021 14:54;96.51;100
10/06/2021 09:02;89.12;100;08/06/2021 21:51;94.07;100;10/06/2021 08:16;88.52;100
10/06/2021 20:18;95.6;100;09/06/2021 15:01;96.63;100;10/06/2021 09:02;89.17;100
11/06/2021 08:51;81.19;100;10/06/2021 08:30;88.7;100;10/06/2021 20:13;95.35;100
11/06/2021 20:13;93.97;100;10/06/2021 09:02;89.18;100;11/06/2021 08:51;80.82;100
11/06/2021 22:47;98.71;100;10/06/2021 20:17;95.35;100;11/06/2021 20:13;93.53;100
12/06/2021 04:15;71.24;100;11/06/2021 08:55;80.95;100;11/06/2021 22:44;97.98;100
13/06/2021 07:23;72.65;100;11/06/2021 20:13;93.71;100;12/06/2021 04:07;70.81;100
14/06/2021 16:37;70.75;100;11/06/2021 22:40;98.77;100;13/06/2021 07:23;72.46;100
14/06/2021 18:31;85.59;100;12/06/2021 04:06;71.3;100;14/06/2021 16:38;70.45;100
14/06/2021 18:34;85.29;100;13/06/2021 07:23;72.71;100;14/06/2021 18:33;85.28;100
14/06/2021 19:29;84.55;100;14/06/2021 16:37;70.32;100;14/06/2021 18:34;85.21;100
15/06/2021 16:51;89.13;100;14/06/2021 18:24;85.28;100;14/06/2021 19:35;84.18;100
16/06/2021 05:45;86.63;100;14/06/2021 18:34;85.15;100;15/06/2021 16:23;89;100
16/06/2021 08:01;85.28;100;14/06/2021 19:26;84.43;100;16/06/2021 05:45;86.48;100
16/06/2021 16:48;90.23;100;15/06/2021 16:13;88.7;100;16/06/2021 08:05;84.98;100
17/06/2021 16:56;88.93;100;16/06/2021 05:45;86.53;100;16/06/2021 16:07;90.16;100
17/06/2021 17:00;89.25;100;16/06/2021 08:04;84.98;100;17/06/2021 16:56;88.78;100
19/06/2021 02:43;84.18;100;16/06/2021 16:26;89.68;100;17/06/2021 17:18;89;100
19/06/2021 04:07;85.65;100;17/06/2021 16:56;88.39;100;19/06/2021 02:41;83.75;100
19/06/2021 17:55;87.54;100;17/06/2021 17:13;88.76;100;19/06/2021 04:07;85.3;100
20/06/2021 08:18;83.02;100;19/06/2021 02:54;83.82;100;19/06/2021 17:49;87.29;100
20/06/2021 15:18;84.13;100;19/06/2021 04:07;85.14;100;20/06/2021 08:11;82.41;100
21/06/2021 01:20;95.35;100;19/06/2021 23:57;87.17;100;20/06/2021 15:18;83.42;100
22/06/2021 02:25;82.17;100;20/06/2021 08:26;82.72;100;21/06/2021 01:44;94.62;100
22/06/2021 02:29;82.41;100;20/06/2021 15:18;83.66;100;22/06/2021 02:23;81.98;100
22/06/2021 08:23;78.63;100;21/06/2021 01:18;94.86;100;22/06/2021 02:29;82.19;100
23/06/2021 13:36;86.75;100;22/06/2021 02:23;81.74;100;22/06/2021 08:24;78.38;100
23/06/2021 13:40;86.59;100;22/06/2021 02:29;82.11;100;23/06/2021 12:54;86.62;100
24/06/2021 09:32;83.27;100;22/06/2021 08:09;78.26;100;23/06/2021 13:40;86.55;100
24/06/2021 16:19;89.8;100;23/06/2021 12:48;86.07;100;24/06/2021 08:04;82.84;100
25/06/2021 00:51;86.58;100;23/06/2021 13:40;86;100;24/06/2021 17:08;89.61;100
25/06/2021 11:54;91.87;100;24/06/2021 09:06;83.02;100;25/06/2021 00:51;85.79;100
25/06/2021 23:04;76.25;100;24/06/2021 16:15;89.31;100;25/06/2021 11:49;91.87;100
26/06/2021 12:02;78.4;100;25/06/2021 00:51;86.14;100;25/06/2021 23:02;76;100
27/06/2021 08:36;72.95;100;25/06/2021 11:51;91.26;100;26/06/2021 12:02;78.21;100
27/06/2021 14:51;80.03;100;25/06/2021 23:02;76;100;27/06/2021 08:17;72.46;100
27/06/2021 23:13;77.99;100;26/06/2021 12:02;78.02;100;27/06/2021 15:09;79.79;100
28/06/2021 00:20;79.97;100;27/06/2021 08:33;72.64;100;27/06/2021 23:13;77.33;100
29/06/2021 08:46;68;100;27/06/2021 14:49;79.48;100;28/06/2021 00:06;79.42;100
29/06/2021 10:24;69.7;100;27/06/2021 23:13;77.62;100;29/06/2021 08:01;67.82;100
29/06/2021 16:01;77.65;100;28/06/2021 00:34;79.66;100;29/06/2021 10:24;69.53;100
30/06/2021 08:59;68;100;29/06/2021 08:37;67.64;100;29/06/2021 15:53;77.65;100
30/06/2021 21:34;72.34;100;29/06/2021 10:24;69.16;100;30/06/2021 09:08;68;100
01/07/2021 08:02;68.62;100;29/06/2021 15:52;77.04;100;30/06/2021 21:34;72.1;100
02/07/2021 02:21;88.27;100;30/06/2021 09:02;67.82;100;01/07/2021 08:07;68.43;100
02/07/2021 08:45;83.7;100;30/06/2021 21:34;72.16;100;02/07/2021 02:26;87.84;100
02/07/2021 09:04;83.33;100;01/07/2021 08:17;68.31;100;02/07/2021 08:45;83.33;100
03/07/2021 13:22;93.4;100;02/07/2021 02:11;87.72;100;02/07/2021 08:56;83.27;100
03/07/2021 19:56;88.45;100;02/07/2021 08:45;83.49;100;03/07/2021 13:40;93.22;100
04/07/2021 08:39;83.94;100;02/07/2021 08:58;82.96;100;03/07/2021 19:56;88.36;100
04/07/2021 14:28;93.95;100;03/07/2021 13:33;92.85;100;04/07/2021 08:38;83.51;100
05/07/2021 07:07;87.38;100;03/07/2021 19:56;88.08;100;04/07/2021 14:28;93.77;100
05/07/2021 14:05;94.93;100;04/07/2021 09:03;83.57;100;05/07/2021 07:07;86.91;100
06/07/2021 07:34;83.88;100;04/07/2021 23:44;93.4;100;05/07/2021 14:03;94.93;100
06/07/2021 18:18;86.46;100;05/07/2021 07:07;87.23;100;06/07/2021 07:38;83.69;100
07/07/2021 08:37;79.91;100;05/07/2021 14:03;94.68;100;06/07/2021 18:18;86.54;100
07/07/2021 23:10;104.33;100;06/07/2021 07:39;83.63;100;07/07/2021 08:30;79.91;100
08/07/2021 05:29;98.4;100;06/07/2021 18:18;86.07;100;07/07/2021 22:44;103.84;100
08/07/2021 13:16;106.34;100;07/07/2021 08:30;79.6;100;08/07/2021 05:29;97.73;100
09/07/2021 09:04;69.41;100;07/07/2021 23:27;104.27;100;08/07/2021 13:17;106.52;100
09/07/2021 16:40;103.17;100;08/07/2021 05:29;98.09;100;09/07/2021 09:08;69.23;100
10/07/2021 17:34;108.29;100;08/07/2021 13:16;106.04;100;09/07/2021 16:40;103.08;100
11/07/2021 03:49;91.69;100;09/07/2021 09:12;68.98;100;10/07/2021 17:31;107.93;100
11/07/2021 03:51;92.01;100;09/07/2021 16:40;102.59;100;11/07/2021 03:49;91.08;100
11/07/2021 10:07;95.48;100;10/07/2021 17:30;107.62;100;11/07/2021 03:51;91.13;100
12/07/2021 11:11;85.83;100;11/07/2021 03:43;91.45;100;11/07/2021 10:11;94.86;100
12/07/2021 15:02;93.22;100;11/07/2021 03:51;91.67;100;12/07/2021 09:57;85.71;100
12/07/2021 17:03;95.11;100;11/07/2021 10:06;95.11;100;12/07/2021 15:02;93.3;100
13/07/2021 17:21;80.15;100;12/07/2021 09:55;85.52;100;12/07/2021 16:36;94.8;100
14/07/2021 02:13;84.79;100;12/07/2021 15:02;92.91;100;13/07/2021 17:22;79.97;100
14/07/2021 08:55;80.46;100;12/07/2021 16:45;94.38;100;14/07/2021 02:13;84.32;100
14/07/2021 16:27;88.52;100;13/07/2021 17:21;79.42;100;14/07/2021 08:51;79.97;100
15/07/2021 13:24;86.38;0;14/07/2021 02:13;84.58;100;14/07/2021 16:25;88.33;100
;;;14/07/2021 08:47;80.15;100;15/07/2021 13:24;86.07;0
;;;14/07/2021 16:37;88.03;100;;;
;;;15/07/2021 13:24;86.14;0;;;
